--
-- PostgreSQL database dump
--

-- Dumped from database version 12.6 (Ubuntu 12.6-0ubuntu0.20.04.1)
-- Dumped by pg_dump version 12.6 (Ubuntu 12.6-0ubuntu0.20.04.1)

SET statement_timeout = 0;
SET lock_timeout = 0;
SET idle_in_transaction_session_timeout = 0;
SET client_encoding = 'UTF8';
SET standard_conforming_strings = on;
SELECT pg_catalog.set_config('search_path', '', false);
SET check_function_bodies = false;
SET xmloption = content;
SET client_min_messages = warning;
SET row_security = off;

--
-- Name: couleur_id_seq; Type: SEQUENCE; Schema: public; Owner: royer
--

CREATE SEQUENCE public.couleur_id_seq
    START WITH 1
    INCREMENT BY 1
    NO MINVALUE
    NO MAXVALUE
    CACHE 1;


ALTER TABLE public.couleur_id_seq OWNER TO royer;

SET default_tablespace = '';

SET default_table_access_method = heap;

--
-- Name: couleur; Type: TABLE; Schema: public; Owner: royer
--

CREATE TABLE public.couleur (
    id integer DEFAULT nextval('public.couleur_id_seq'::regclass) NOT NULL,
    code integer NOT NULL,
    nom character varying(50) NOT NULL
);


ALTER TABLE public.couleur OWNER TO royer;

--
-- Name: doctrine_migration_versions; Type: TABLE; Schema: public; Owner: royer
--

CREATE TABLE public.doctrine_migration_versions (
    version character varying(191) NOT NULL,
    executed_at timestamp(0) without time zone DEFAULT NULL::timestamp without time zone,
    execution_time integer
);


ALTER TABLE public.doctrine_migration_versions OWNER TO royer;

--
-- Name: marque_id_seq; Type: SEQUENCE; Schema: public; Owner: royer
--

CREATE SEQUENCE public.marque_id_seq
    START WITH 1
    INCREMENT BY 1
    NO MINVALUE
    NO MAXVALUE
    CACHE 1;


ALTER TABLE public.marque_id_seq OWNER TO royer;

--
-- Name: marque; Type: TABLE; Schema: public; Owner: royer
--

CREATE TABLE public.marque (
    id integer DEFAULT nextval('public.marque_id_seq'::regclass) NOT NULL,
    nom character varying(50) NOT NULL
);


ALTER TABLE public.marque OWNER TO royer;

--
-- Name: produit; Type: TABLE; Schema: public; Owner: royer
--

CREATE TABLE public.produit (
    id integer DEFAULT nextval('public.marque_id_seq'::regclass) NOT NULL,
    type_id integer NOT NULL,
    marque_id integer NOT NULL,
    reference character varying(9) NOT NULL,
    genre character varying(1) NOT NULL,
    nom character varying(50) NOT NULL
);


ALTER TABLE public.produit OWNER TO royer;

--
-- Name: produit_id_seq; Type: SEQUENCE; Schema: public; Owner: royer
--

CREATE SEQUENCE public.produit_id_seq
    START WITH 1
    INCREMENT BY 1
    NO MINVALUE
    NO MAXVALUE
    CACHE 1;


ALTER TABLE public.produit_id_seq OWNER TO royer;

--
-- Name: type_id_seq; Type: SEQUENCE; Schema: public; Owner: royer
--

CREATE SEQUENCE public.type_id_seq
    START WITH 1
    INCREMENT BY 1
    NO MINVALUE
    NO MAXVALUE
    CACHE 1;


ALTER TABLE public.type_id_seq OWNER TO royer;

--
-- Name: type; Type: TABLE; Schema: public; Owner: royer
--

CREATE TABLE public.type (
    id integer DEFAULT nextval('public.type_id_seq'::regclass) NOT NULL,
    nom character varying(50) NOT NULL,
    categorie character varying(1) NOT NULL
);


ALTER TABLE public.type OWNER TO royer;

--
-- Name: variant_id_seq; Type: SEQUENCE; Schema: public; Owner: royer
--

CREATE SEQUENCE public.variant_id_seq
    START WITH 1
    INCREMENT BY 1
    NO MINVALUE
    NO MAXVALUE
    CACHE 1;


ALTER TABLE public.variant_id_seq OWNER TO royer;

--
-- Name: variant; Type: TABLE; Schema: public; Owner: royer
--

CREATE TABLE public.variant (
    id integer DEFAULT nextval('public.variant_id_seq'::regclass) NOT NULL,
    produit_id integer NOT NULL,
    couleur_id integer NOT NULL,
    prix double precision NOT NULL,
    tailles json NOT NULL,
    image bytea
);


ALTER TABLE public.variant OWNER TO royer;

--
-- Data for Name: couleur; Type: TABLE DATA; Schema: public; Owner: royer
--

COPY public.couleur (id, code, nom) FROM stdin;
1	10	Blanc
2	20	Camel
3	30	Noir
4	40	Rose
5	50	Marron
6	60	Bleue
\.


--
-- Data for Name: doctrine_migration_versions; Type: TABLE DATA; Schema: public; Owner: royer
--

COPY public.doctrine_migration_versions (version, executed_at, execution_time) FROM stdin;
DoctrineMigrations\\Version20210523052738	2021-05-23 07:28:34	187
\.


--
-- Data for Name: marque; Type: TABLE DATA; Schema: public; Owner: royer
--

COPY public.marque (id, nom) FROM stdin;
1	Kickers
2	Everlast
\.


--
-- Data for Name: produit; Type: TABLE DATA; Schema: public; Owner: royer
--

COPY public.produit (id, type_id, marque_id, reference, genre, nom) FROM stdin;
3	1	1	678987-10	H	botillon ABC
4	2	2	897654-20	F	Tee-shirt ABC
5	4	2	123456-20	M	Kickers Sushi
6	1	1	789456-20	F	Col
7	2	2	741231-20	H	Sports Sweat à Capuche
8	1	1	789356-20	F	LEGENDIKNEW
\.


--
-- Data for Name: type; Type: TABLE DATA; Schema: public; Owner: royer
--

COPY public.type (id, nom, categorie) FROM stdin;
1	Botillon	C
2	Tee-shirt	T
3	Sneakers	T
4	Sandale	C
\.


--
-- Data for Name: variant; Type: TABLE DATA; Schema: public; Owner: royer
--

COPY public.variant (id, produit_id, couleur_id, prix, tailles, image) FROM stdin;
9	3	3	80	{"38": 10, "39": 20,"40":0,"41":5,"42":0,"43":4}	\\xffd8ffe000104a46494600010100000100010000ffdb00840009090a080a080b0b090b0a0b0b0b0e100c0a0b0d13171510140f1612120e16120f140f0f1412141813161419201a1e19182b211c24131c1d3222332a3725223001060b0a0b0d0e0b0c0c0e0e0c0d100e1d140d0c221415170e1e08170c10161011170b1013140b1119111e09190c0822181d140f1d100d0c0f16100b1415231618ffc200110801f402ad03012200021101031101ffc40032000100030100030100000000000000000000010203040506070801010101010100000000000000000000000001020304ffda000c03010002100310000000fb880000000000000000711daf5ef00bf40f17f0df5c5fb47bff00e58f678fd04fcebf42b3e90c764000000000000000000000000000000000000000000000397c11ecef9d7835fb0be09e197f49f07e69a1f7cf15f14a9f57f13f3da47b978bf0165ebae08e873d4e8cf29a9c6d633eef1f78fa4fdb7f387e8f6435000000000000000000000000000000000000001e9e7b8784fcd7c4d7defd73e4f53de3d6bc742f4b1bc68cee693378ce358ac73e818db4b193518d3aac73edcfe40ad74a2e74be48cee3eebef7f03fbd71d5877e400000000000000000000000000000000000003e39f63f932fc52d94cd6b3858deb9686bbf3761bc5aa75cf2c4745295b632be493a61a17880d33b18f572ec74da9e4f1b8f15dbe0737b31bba73f2bf79fcebf67e7afa30edc800000000000000000000000000000000000007cb7ea5f3b5fcef7c6f2e94acd9a6f86cbaedcbbcbd6cec6935b134b54a52f41302e8922d59269b739e43afc7df1bf1fc9ec7cb87859edaf5e7e3ed7d2bee1f4efc79f6fb9faa00000000000000000000000000000000000001ea3eddcebf8e650262534d31b1bedcfb4d6fb73ecbbdaba1196d9ae55b5510136a8b2a34acc8df93aca2c5aa6a9853a390f33e37c6df33f60bc6f92de40000000000000000000000000000000000000fc85c1ee9e90a91274cee6bae3ab5b6d86b2f46fcbb9a657a98d2f421304a249841a6b8e863d7849b422294f33cfcfa70f26b974e73e6fc07d5e4fb28de40000000000000000000000000000000000000f857c97ef1f0654c4a5ad5d46b95dadf4c7497a35c3537acc1967a508941289009d32b9b72f5731e47a387c8e35e3bd73dd7d6f1ab5f8e9d79f6795f5ec93ef3f50fc6ff74d4faa84000000000000000000000000000000000000f9e7e71fd1ff009c26a66d5b2da6372d7a5cd75c379adf5c7435b52c675d32112216821304cc41b562e57bbc6761d9cf4d73ae19da9739f375d2bc7fbcfac7b027e91172000000000000000000000000000000000001e85f9b3f4a7e6a976c2551a56c97d2975d36cb46ba2f9691b5a2c674d332102c084c911615bd64a6d181d9a44ad635ccc6bb67273f6f2c9fa7fc9fc7fec1ac0000000000000000000000000000000000007a27e6afd41f9865aaca8b4592f7ac9a6995dbdb5e7de37d32d067a50cd305ad122664aae28b8ce9ad0b74f0f902b9ebc51cbe43c3f93b2fc7dfcb2f67dfbf387b2e2fe957e74fd17d7980000000000000000000000000000000001e03f29feb7fc92b5b44ac4de116adc9b54ba6995a5e8db9353a691628b50b5ab25ed4b84c82c522d2613b6275d296383c7f9ec13c5db6e14e9f21e066bcb7dbff003f7dde3ea62c000000000000000000000000000000000f1ff917f5cfe4796b6a2af016b52c5d171216be732f4ebcbaaeb5b411216bd2c5e6b25a69626b68229a4187465074f3ef89c38756472d7a24cbb2bdc9bfe84fcd7ed567e8c080000000000000000000000000000000783fc9ff00a6ff00324b9de97b2d68b2c69124deb626d179a85845e06b7cac5c92242f39c9ace725e6b210270da4ced4148d738f11e438f9ecf2dc3cf097d30bdbfa1fe89f933f5327684000000000000000000000000000000f977c03eb7f216afa67ab3368b136ad9a9b56c5af9d96d3492d302d3598b69949b3392d3516b6726d395cb2245a05b0dae7352f073e5d5438e3ac72ebae6757b57a5f561fa97b3f217d73a67ec41000000000000000000000000000113e3cfce3e95db335cd7bc54da05a62526f52dad59266256648948484a2a6939c9a29268a0d998da72b17b6726b8e9639814ae95239b6e23be98f0b3d7a78cbd7e90f7efc8ffa313db0000000000000000000000000003d43dbfe78bf9d6f5aaefaf3744b15bea62b52cb4c493224da92ba22d2cca0b56442c291782b681688916892d3592f6cec6b6cac6b8dee724ed919d37a1c31dd270ebb41a792f0da66fe82f76fc9beddbc7e847aefb120000000000000000000000003e69f4bf8b2fc76b6a96d2963a3a393a6588f218af2d3a473368315ea45eb268ad85aa2e891122b1715b24899b155a0890b4d2c697c6e6b11a1c4ebe62ab54848c995cbd7c77427e82fa0fa4fbb321400000000000000000000003f3c7e87fcaebeb901698b2e9b63a1d7d7e3ba65eac35b1c36d7214bea71d7ba872ce9632b5ec676d051a0cda8ced7b158b8a535a99af056522624bdb3b1b51a9c36b5cc2bbd0cf97ba63c7790b5cf6dfbff00e66f7bb3ebce2edb9000000000000000000000023f1e7eb3fc90b48982c82ebbe1b1b6b5bcb3a65735adae73474f39adb96c6b3105ed949757428b96898494caa2d095ade8562f051222d124925b5cb431db3d4ae5d19985ad05b4cef1bdf2ccf39f42f9176d9fa627e01f45b3de94ba00000000000000000001e07f2b7e9afccf35945a162626b4db0dce9db9faa2b6bc917a4930930cfb39cbdf0b1a4d6c2b62d26d64cdac99cdc653a664b282f15910a969ac969892d6adcc3a38fb8ac4d45665691b70a75de83aba397736e8e5d0f33ecde8bd29f4ef2bf25ef3ed93f0fec4fb23e3b53ec8f897803f45d7f3278f3f555ff23fb11fa5dea3edd60000000007a67e6efd23f9ce6b962f4a5a35235ae8baf461bc6b64955ec52f258adaa737276e0979e3e98d2dcda56ccee4deb53a2bcd274572b12a8b2b52ea589ad852c922f1265bd6c2413305b9e73379e0c93cf4f86d97cbcf049e475f17b1e4b4f1da9e42dc1a1dda78db4791bf8bad795a789e33bfc2e7e1d3cdfba7a679997d8fbbd3ad67d27d8fe2373f455ff3efb459f5a7af7b0a0007ab7e6afd55f96a6b8b3d79ecbe9593aa9394bd1d3c9b2f75b9ae745f8765dd482d0a95e7e8cd31e8e6e915819d3a11cd6d959b519577b1cf6d284cd60bb3834650745731bb2b169816d321d17e4b97c66a78dcfbba8f015f3fcf1e2ebe4289489c6cebbf164be4ba3c4593c95fc35cf295f13d4baf0796f2b9be03cbf9a86b9ad6b594a4e45b2a6366d6e0a9e6bd9fe7d6b3f5375fe6afd28cc829f943f597e5f9af5ccbab133bd2f5a4c6b2c5a6e6dae57236c6a6d5c60dd858d69105673b1b22095459492ca4979a0b4d459592480a8b5ab2562c328ded1cf3b58e68ebb571ba92d755aac99cd8aef65e6af65e5f1ef2163c7c79393c74f6c465a5b4aaf4d342fc51c371d5af8c2f5f26585ceb9655b2f5cb3abd6b92747dafe1deff001fa1858f837de7e6f2fc371ebe56b394937a5cb4c41a29068a41a331a4e4ada7206758e98cc6ac64d990d5949ab21ace726b6ce4d220016208ada4a582d35137cc6ca58bcd2c5f4a5974d79acbd16e5b49d51ca97aefc363ae79ae74db8723c8737272274726796a6d4caa6b9d6965a2b05eb229a12cfb7fa4fb8e37fa436f90fd753c1fcb3dc7e39cfb7afe3edbcf8e9eb76f2b3d38f8bb7918de380cb59d5cf959dce393aedc709d6e495ea72acde79e25e9616369c89ab39b6f39c9a3394d6722ed6c24de719376531a5b3b969813161117192d05ef492d6ad8bcd45d4179ce5640b5649a560acc551cf1893488b1130456444d3a3373cfd93ca72ede89ec7ec5e078f7f358783f2bcfb69fa23e15f6af479397e17fa27f3f5cf17179ecbcfe9f5dd7cf734df147556b6ebf1c4f37cbe266bcb53c5d0e9d7c74d757352a9d7c8bd737442ce6a76932e6f234b3c63cb5ecf557b7ef73e916f6de1d67c15bd8fc7eb1e367af8758d6dc5a6b1d56e6b1d56e5baf54f349d93cb275d32a9ab09369c6c6b7c2c744e0376326f19d0e89e283af0c2a6b1950d699646f48f3f8df808f69ebc74f45eefa0f2637e03bb9b971d3da397d6f7ceed4eee993c5790e9bc94eecfa73abfd5fe63f54edc3b3e0df7af85f4e79df5cfc9eae69d6d354cfb3333b5af660dec716dd129c37e884e376caf373f91b1c19790d2bc4d7cb50f191e4aa9e329e56ba9e21e5f1af0f1e660f0af295b78bc87364bd54e193abc6f5b78f0bc3eebdb73e81a7b653a73f59b79bc358f193e4bc6eb32e5bea74cf14c9db3c9275b97b66b3af479297c367ec5b63a7aa67ef7db8d7ce3ccfb6f14d78cb5a935e53c97a8d31d3dafc3706e97e4f23adc783e9f37497c776f6659b94756d8bc8daf9de1d3bf9bb3c1792f7cf66f479fd57db4f5f93c6fc43eedf0bf3fa62359f27af28d2ab4b4cc4da9aa65bd2957950d2ba41178aa5eb16695bd4aad065a0945e84574aa32d4679ed7ac70ecbb3e3e7ad5e331f2f15e1f9fd862bd6afec34af0cf29935cf3a0bedcd534db8aa792a70e87573d612b8766f678d79583c33d86d33e07a3cc4cbe237efda5f1faf5de38b4db59ae4b743379adbdce68eef2767aeedf40f61ebc7e61edbeeb3e8e1e3bc84bbf00b008f82fdefd43cfe8f98cf665e2f77269339bcfbdf19768d724adf6cadada6c5eb9ca5ab714d54b2b6985aa4572db42b4b50ac5ea436c84e9894de20566f55b5a1296b5933c7a4655e95bcb3b930744339c7545634dac73ed2309ebcf379efbc35946d78ca75bcbcd7dba5386fdde4f59f5fd7ddbcaf4e5f37edfa95fb72f46f39e75db963b1d3905000000018fae7b4b1bf9df0fd49cba7c669f6863a7c5abf688c6be2b3f5fc66be4b3f524bf2abfd3a63e5f1f50a57ccabf51a9f33afd3a17e656fa5d13e6d6fa323e6d7fa28f9bbe8d63e7597d1e65f9bbe8a5f9de5f49c13d0b2fa073cbe9b7f6ec17d55ecfcd2f85af9aca5f14f2312f0c748e5db71cee894e2a79accf133e4fb53c069ed1e4ba63d22ff0045f23bc7caf7facdf7cfe6fe4fdd5d71ebde4fb9d39c49bc000000000000000000000000000000000000001000500001124205482002c90040500000000000000000001fffc400341000010301060307040203000300000000010002110304101221314105205013142230324071233451613342435260152462ffda0008010100010802f7752d36767a8711a2327348734387fc717346a6d1661a9b6d9427dbd91f4ead6ab57d785ab0b136d55d8c0d60b5da257fe4400268d51569078ff832e6b7d46d36608db6cc11e22cd8f117ec6df6946d76a28d6aced6fc94852148985882c948c19f0eae18e2c775d757b3b7536eb284ee24cfeaee235bfa9b6da8a756aeed73be54a9ca5495e2505405002f0442f0295254b978961716c2b10a82d34f0f57240d5d6bb2b13b89511e97713abfd5d6db5b939f51debba42910a725e2850547e7c30bc3b4a92bc4b35088841ab08e612d2a83fd0f3d5adb69eecc185f56ad432fba42959acf780bc2be3c6b0b961584281cfb2fc1e7d959ddf4dec544e2a2c7756e2feaa47c808a08799f940c8b809303b3ff006708392ca48541d151a4d90801d4bab717c514ca9e708f9c606685ccc98aad6730f654b112888b81c2e9549ed159b54755e31fc34fdb9d17e2e6fa61556bb1978c2e004e23be28b839cdf4d938887c32bf54e2c3ff005815b7b7cf3082d33189a8ef1854284d6e2309cd731d85fc32d24fd17f53e22d9b1390f6f9ca6c0e63aca060e56af1063cd9ea1a7503c34873438752b4371d0a8d5b9f6f121659731cc2fc2a939266425593ed694f53acdc1687b7dc642409e6dd44ab2d2368ac1bd5788b70db5dee0c0cd09d2fc0139a364656eac35031cc0dea9c61bf558ef71b2cf2b983c6ab38b69e4dbe232549e1b21d43890d2b820891d4b8c0fa6c3ee73cc26c4206330e6b5ec8269b9991f12f1293705c2ea9ce91ea5c5beddab6f7050806e98d0974428be3c39c6e2c262d8cea7c5bedc21ee74c8736f8aeb116b6d6cc5d4b8a7da843dc98084f3e65346298b256edececa9d4b8a7db043dd7ecfc72940963811c36a0656751ea5c53edc7bbdd0fc5fa0938a4a99bdb2630592d6dacd8a9d43897da2dcfbad57c5cf12137f6540845ae0a774e02ad3ed1b64b6d5a461e08700474eb789b1d447d5eece5a0c8dee6ca87058c85894954ea961503112de1354ba8b987a75b3ed6aa3eaf79f233e42a2ecd0305709ece2a474eb57dad5475f79aad7c8894ded07a695aad2c7786c969168674db5fdad5475f7a676d34e769734c87b417e26d91e5969a7d36dc62c9511d7df6424af9b8fa536e96a9b812b87dacd6fa757a5f1231654ef51f7ff37c4699f242a0f7d2ac1e2857a75a9e3674ae2ceca9b51d4fbfcb7ffe57eaf850a145cd25ae0e149eea6fede8b2bd0735aee95c4dd3698e85a6bf3cec716ba419c4b87da1e1e293ba39200936a78a9687bdbd0be797e211cb4c4e41ee99160b59ac3054e8d6a760b3542a4af09504742d04726c9b96b880d0926e8548d563e69d8ed8cb4083d17893a2c86f92165d0a3961428b8120c832ff00a946c56c6da4607f44e2df6ede6cb7e819edf1ce091982e21edab4c5b6d8558eb9af4c97f42e2e7e9307342dd7cc740fdf3c290340495c32955635ee7f42e2e7c74dbcfaeb04081f80df8e88ec8ca9450c474e1f6a35d90fe85c4dd36b3ce2e80b499d1b9f44c2b0a0ac9899696546f42b5bb15aaa9f2a515fb42f8f771acf3b4c2a36a7b152af4ea69efce4251cc93e61cd1cc80739f7a6650d39bfb05b5cd72a36b70c9ec7b1e3c3ef6b98b3d53e7e93061ad5e259dd2a4291edb74df4f36ebfade0a65470d295acff00918fa6e1e1f776e3164a9ec23395fbe680a02850578966a5489523cdcb3434e6dd7f5e50535e532bd41a77ba8026db281f535f4dde9e62e6304ba5804963d8f1e0f3b897da1f627f08ea1be740519add67bdd97378639c8cca8c873ca9589430ac5536152d60c8368b7c216be20154af6e7ba53df6a7ff002135a21d3537a551e04b6c969ed69fd596f9bc4fed7d97e56c2ecaecd66a5485979f9acd670225485972e2820ac8e6bc31cf2a54ac4b12c4b12c4a53f0c2f4e429bbea65da15dab90af5026db1fbb6d6c3ea63d8ed39f89fdb23ec4ade502f52f52a5abc376776576eb3959cf999cf264a02390cb384e39a96a95254958b6589620a4290a473620bb41b39cb11390a6d8e495890a84265aea3553b5d277ab978889b2947942dd4a1e57e80d79202c2142f12f12cd4ac94b6fcd677feaecd668cace798e999d404e12e50a17c66a4cac4f58cce78c2c61636ac4ddcbc6d882c6b10df1ac4506177a8300e6952a562546d2fa672a3569d56cb6fb589b35446fdae016eb40bf6b359acd01cc728472f360280a142cd7894952b452148bb359dd96dfa466217f64d1bdd0b0ac2a141587f2b0a28050542c256029b4d060587ca952a8d67537873693db5298736ea83e93c275fb5c101216a17e91d94c2dc473fec8d3dbe10a06ebc4bc4a54852340321cd0a16158561585610b085178528f972b85d5f55337d66e1a8e1cfbcdf3e4fc8dfa3c28f24a952a54f93c38c5adbc96e6c5a5ded37e8f374f39289f36c6ec159ae34ea31fa5dc49821af47aecdd2a54a27ce9566a4f3e37f6980ca1a0568abd942b407d41e125cdf54ff00c689261a2cd57fca3bad23f4df5def299acab392ea2d27897a58bc434ed1d9628b3bdd24d2a38bc2684443acf540c41b67aee123056c585383d9ebf12952a54a952a54a9ba7abc84d6d57fa1965aaecde28d998649ad87d05ee7284d6fe5a06d64fe10ada26ce5108b5117c952b18dfb405b84b6a469e1c78d3f054c9de10217674e71070a2e0836933534e96296e0b39198a5487add4a94f83b2b31d05267f7751ff4eee76ec2ae284fa3599af655e2566b4d67dfca9f2a426b2abfd0db3563ebeed4044cd06ff19aee8c231af1158561080cd08bac7fc655a3f81f71d2e895856158422dcd61584ac256172c254159acd66b3bb3bb3e598d313b545ee7087360084e653264765673a0a2e3927d2acc30e707b7d5efa54a189c61bdd6d49b666c4d6146cf8b39634784d63a12ff00c1739412b015817c42ce546702eb337053ceb7f03d464b75010ba16eb7e5c3742fda851377cc280a02c2147e70ac0b09585ca0f2028547e89a5a139b6670cbb0b39f4f615b11687b2ad3fe4953e74df2a54ad74ec2d5129b65ac5b2feecddfb2b2a69ecb2a66affb63a7b76a7fae37a82830ac01436fdd45f1f8634b8e54ecf065eaaff03eed96a8422a66e112b55f30b3de2f85e151f8f9c97c2f9850164a1414567744ac2d583f184a8374ac96376185dabe2116d1c5891a766232650a6e199b3d60e846cd6919a6b2abbd39830731acce93f992a49d0e31a8a568766d14ad05d85775b426d9dbfe5eef425767644d732988676b9ca357f38d768fda5c542c0e58160080178cae03f286abe6324ca2f726595adf506b5be9babfdbd45fb427390a16eb75f23319df972fce9a64b69591517c28bf351764a147e355f10b08581602b0959a92a4a9083a34c45be9351ce8c5db54d136a16fa3b67110eedea6ddb1d476f537ed5c8bc9d71292a5cb350b0958161585aa05d0a3251972eea161c9369b9da36c8e3eb6d2a4dd396d1fc0f5b14745fbbff446ab2d910b3842ed2ed6f8be2fd0a85a28e5f9473597245f01610b00581612b09585612b02c05602b09580ac0b0050800a145ff250e5859c28519a6d1a8ed1b6476e28526f9354175270177c65c82ed6fd8280b747559f2484393f5cff0037e63973ba2f8bf7ca39009e48f222e85085379d1b65a9bb6cacfec1ac6fa7ccb459e4e36110b42b7456595d92fcad6ef8e4d94e5ca56e8fe97cf215fa2b28e41aadd67742daed964be397e57cad392142850a3f0da350a1657ee2cf4c6b829b74f63529d37ea6c63fabacb511a0f85d9386b856182b02c3745f9959edaaf9e601466a32bfe633bbe6e8fc2dee8be0a85f085da2f8bb7474502e8fc2850bb3714285542cd5371651b8a349aa00d3dd616efd9533af63491a149776a4bbb5385dd69aee8c5dd58bbab577462ee8c5dd1abba357746aee8d5dd02ee817740bba05dd17745dd17745dd17742bba2eea57742bbabd775a8bbb5546cf59761577ecaa68bb37a0c72c2545d0a166a1415942c2b03d0a550e82cd550b2bf7eead4db3d10b03069ff0b01616ac0c5829aece9aece9aece9ac14d437a17ffc4002411000202000602030101000000000000000001021103121321415010313040516020ffda0008010201010800f9afad4feed96fe586d99751274252f1ba927d4495972f45966cd5aea92a5d4e7f0dfaea1af626aa9ec52ea68aeb5f5975d559b3eb37e2df3d55f58ff7f98ae45fcb57f3b68b45a2d7f2968b2faba2ba5a28a2be093a232b26da62c5fd589133c4b45f4363c488f124fd572f0d93f1b15136f3b9b96ccd2334853919e46a335173a911497d1cc878911e237e9b9f35fae8b2cc3bb31381ff00ab2cb2cb2cb3319bc6c6fc6691a8f9d446746645af165a3344789135570f125c5ccafda8968cc59658adfa8e13e5452f589c7d2b331659b1b78d8d8a46de331659659658937e961485851e524bce245ba6bfc596597f3d96596597e6fc5362c290b0572b0e2be0708bf6f0a268a3459a2cd191a3234a46948d291a5234a6694cd299a5334e669ccd391924548a63bff14ccb234e42c191a3fab0a228c57ae869148a5f4bffc4002711000202010206020203000000000000000001021113031210213031415020405160223270ffda0008010301010800ead1457a2a2ba2fee575e5e1fdb5d54ad971edc3c3fb6baa9d148af5addfa9dbea978249b77c2dfdbf0bad7fad257fa4597d7af575eb6bf6a5fe414514ca653f595c2bd0515c799cce65328af9af4765fcd7dfb2cb2fe71564a0e3469c5343d1fc6299b245329fa149f85a726628afedc976d434fb3131499b9b2cb151c8a89fc4db03640c7031c4c48c4fc3d39a1c5afa3b642d2918979a822cdcc5651a95469f66571a28a28a28ae147339f0b3716bced8189787a521c248daca673299b646c90b4a6cc2fce388941165be145329145a44b5578726fbe92e4c5f3af9571a28e7c77165a2d965fe2d965239f0a28ae0da5ddeaa1eab7d9b6fbf0d3925c9dfd2a2b8514514515c2be1b921eac4ccfc39c9f414a4bb659198cc8cc8cd13340cb132c4cb132c4cb132c4cb132c4c9132c4c9137c4dd12d17c6d168dc8c911eaa333f0f564393f456cb65fd2fffc4003910000102010a030507040203000000000001000211031020213031415051711240812232526191606272a1b1d1f0134292c123e1337382ffda0008010100093f02e6de3a28ee15c6b1ec79037528c4e8ec818ea53fd112a29d068b94abd3163ec21037528144a614c6ae10a50a7bcf5b3eebbeb9f4a3112530a6b427c364f7fad314c2141a4f8b38a93fd135c531a13e1b2738ef6067140aaec3758e6f5bdd727126c3d1098a36469e08fc2b16839b68797de86f528ec66bef5b147b9ddf84e6dddfef9abdc5550efbb18e83655f9ce6e3108f65fd8766da9e6af08478ab234284237502a0d760ec335c1dcdc5b8d4b1a1546e55158770ff0059a6103cc5d61856168af6ac44733c5a723f08cd30711cc6f63dd1dedb35c6be72b2a03f31a03fe4aa50f9e6b8b799aa6d15ef359a18237f77c9daa10f7db72ac1bb33f3e66e9c8030dd4297c4dccfc5cee1750bc66be2e6b0a7b15d16b99f88645823da1da67d55ff00bb7ccbc5cde14faadd1ecca7f924ff003f2eccbc5cddd444fd154f698c99f3d14192ada9cdfb66383873978a15511da153d12f92d0e1b2ac1ac65ff95f3b8d8637ac705fb0d5b1cbfc3cef4b2ef9bf2ff09e7b0bec4c08d14a3b6372a9edef0cb7c3cfdc6c4df7eeb130396e9cfe2ba5956f171d72cc5c320bacaf6aeadc41caf7c86ec0d8e08ffdb269eded6b957ed6e4476363d55d82adaeeef965182b8f7723bb0b12898eabbe2e3ae4fe187f53764e462ab28f1e105d89517b7ed936240c9bd1461617aec4b32b30c765d995178d76c97c542ac93d2c2a21765c2f86bfed3d438db51c8f5a5e9355905e874b0eb302de2b9b91e91b0ac4d7e99075161785df67cc647fb40165d0aaf4390551c2c3ba6a78c8fc47ed67e8aeba1cfdd6358d0aa8e990616deabd725d67ed0d51e7bc26dfd280c82ea260abf34465b71bac094541042dcdbb8ec6e4c6bb6a97130fbc9c0d3206e8886a883b5bea391bb1e6f5a66eb31e8a56547552d1f27270e9055a2f10bbf02e22b88e8894f734fbbfda7378c55d1116be21c97457a1319821c9410b01d1551c11af90bd56aad6629c540a10445878b93b8cc1098a2a08205128f450da855c9950b7aa6be9988d0aecfd296a393c69928ce1098a338e4cd0144a36f768ba8a1a59e0b1b0d79308206628ce1451502b0bb20c67c5a69df30decf1ab998f4554e10c87e2143030e4f039ff009d0c6be4eef602f9f6f64bb0c1f35de3dd137eec5189bd023d8e04944498f9a6c4f89ff69ab74f72ed01814c2d1a353dfc3e62b528c31fcad70bda31080da35a63b8b44d2ddd03ec1b1ced916c901aa2e95f2b826b19f08a58574c2e2de28be0a51e8b0137f65092f8a103f229920e1b7fb4d67c0498292603ab4c14935fe7c4530818b78aafba937b7cda7eebf54ed04e7c310457f652928d3ef0fb294869011528d77c94a497aae11d536ad457f4526e40c72d638a2d9302f2e52ae76cd522cffd565765a3014b09b55a581a027168484e31d510ef8826493b709ae6ea01fa453dec3ef0fb27b3d536fba09a4642d24e89a06e42950df75b595fab2834b94948b77aca755806dc859e2b49aeb084c2c208216914e88d1d5a9292236ff69af937795614b169f7c2e130f3fa2691cb565493d16498f794b3618f0dea4e55de64a6c9b3ccd6e529fc4204ee9a022a338a7d505fc66d175a37d0f5e4e33898cc2709c61a15c0f1a382921f08754bf524dd862dfba96e176d52e0746e70352647e1afe898e2810502ab9814094d70526f29841f35fa7fc94af0f901152ae7b7c856a4a53f929393f89d7a2c6bb50139ee4df55522546809eb34c228427d1633fad31617ce681b31404f041710d939c13aeb8e29d11e68f0ecb85db84ef92a9c6f22a4e2774e7a8942628f240a3043d69694eec9a28a821460a1cab4a30d50e23e763a58c689ae875c82ae54150089280b5eade4fa65ed2880a253472413bd540a698a07370534a804e423ba1cd809a13505144a2e4e2894e29c514e4e4e4e4e4e4e4e4e4e453939109c116a70505c2a0826a081b40609a50f54e09c508ee9a3d8701342684d09a13426840645ffc4002b10000201030204050501010000000000000001112131415161107181a120305091b140c1d1e1f0f160ffda0008010100013f21faa7094ba213e460531673507c3294cd9d7fe3fbdf23e4f8d4e7e0c839026c9ae806f5634b06fbbf512f50c4b43fe9922ad39aff008295b6ab9c8aca14a9c9c7fc277e725f25f7a35f813e7e467ce6cc783d67c847d91a7d8ef18df91b6ee49427521a325b4f3639c68507364e18da314b572aa7fda8fe34de17edebb4572cb3acfc1f1bd09ddf3631f913ed61174dd44e4df094342313746226c704a96c3d11b92b55a6844e5b7cb0295594f0ce934260944a1ae0e91d91aaac9c48a00eaee88d9a70a47ac219749abb14c6ade95fe8fc738c77ca9face55f9a9bf931c4bcc225524f9154a21e851ab49908c9aa288373a89a284702c10d144ece0e60883872a08aa71b722a10afe072a1aebc8596af3145d4a154f5a7abb905576785a9cc2f3f8e1288bec5d6ea27c885830ac374c94522813a84359244b7437b117029e2756ec61db194e2f85d46a60dd5d1fe93b7b95fb994ab5d3d597a40a99b90bfd13247317146e418908fe31899e0d8f84f8925b9bc84a9db83117048b26a28fb45daa939a04d314339dc22db7dee4556272b9b9d9cfab2e8794c6c44be3273171113c2783f2244f948d7519bf065259852ed0b1d4d34b3d79a597d84b72db3be432969acfe1f514369e7244a2b83e6263695d4aaf67eaf2c21607c57045d0bce1372eb2acc63cc4936bc562e34c4946bee1287ea0c32a604e9cc6fa0e258bf23bc3397cf4f559bfb10c5618f12179f52aca2ccb2f32296ca5052aa4b7741936c8dca764ceec91339c588f9616df71ed307b35b0ae796b2fd3d51cc277bc1647890bc2fcb745d2546248a6d65df857c0b09d23309c019c62b6ee6a7a742db8a4eb5f53d5481ce2577307928c717e5366a4ca5b3acd0bf85154268cad663b2aa8a91dc49df3611acef54a03b2ae8e3c6bc0b83f2911902a1099d6238b7c5dcb0d7720b0faf313fa547fe64492492b2a2f5498edecf12e2842e0fca452c6b665470a63970cd2ee888e25b7611a61452ae33f734b15252d135ea5fe199ecf55854dce8fc95c1707e523214e5c8d08e621992c7861274bf791a1d29b9fe0a5a1e64d9fa13b88aa182a8351a3fde2c0aef484b2b47a9f59a185e086ab8d7c285c1f9698d3b651aa86b0e7518dd07c861be4eafbc6523e8d6790de59f8141caa4144e6334c94fb88e4ea97a9a56d3ec17809b567c50bcf44e8e62068969aa684e0954f1b3b0e234406e208a73336e06ea2aa203d3b7a9ff0036c59e42179f7a144c9809b756a0d3c2e12b3a5814a6d7f10d5784e09ef65ea747f55c51bf1ae0b8bf31989c5ee5f4fa72f031909d1d994346fee84a502a4dd0b19350ab4d1ff6fea5da7ee58fca5c5f9b571432828f608c7824a1a1700547e07293bae57a92ff006fdc59f02e0b8a17d0464eaa343d5c393e151b4eb084f35084898a7050a954d544e76a640cfc54eef5f512cb6e7cb90bcf69243c935ea390acad5e1471d4c3686224e9664924dac39b2fb9310d52bd0927872d4a345317c98dd1901f5a4d31657a7f20a4fb0b9cbcb4c9f3d9a4acb2151ea5c53b1f06aebdf2458b58676928a170c96cf52d0487e6f63d3d27fa6a64dbcb5f430acdd5a8cd2aa228f8b113b8d083b06c8a8361d89a6ca94f50b4fdb4f3579ed24ae2a896f2a54a371476b70631f1884964a896871a099679e7a932a65fd16bd37b89f093e6a7e7d09a75e44e29d0e0c7c2840a94b8917471d515fba20602a2a0e8e9e9bd065dd1d9e0bcd9f3f546ae14a75064090cd5c791de13b5c68dc6982442a9b4d59a174d0e74dbfa653349f7e017d746bdbb3136dc4727aa18c751d06e7c686d2a2b52355a08ccdbda0fd2f9bdb3dc7d7b4ca2a5a0f10f805136d3231a1f80ad4130a6ea8c0c94d3537ba812c5c652653d7d2a3f4fdebc17d74988c16d675fd0744f8f1383a084c346e1b36c35bd532fdfa43150492dec4e9ebb44a382f40bdc86ddb0bb3256d1d71e082fc971335cae36085b95bec154448e525e4747cf4d6fcbd1efbaaa8dff00622fc60867f80ef175faa9e124f82e86921256721d2265e8f8bab2d46a9526b1381acbbf09609e08957bb933f879ebe8d8bff4c8e4d63d856149d6c56f47aab0d3faf924826dd5a77fc04e93fa4bdb834398974e054274c26724afe043dc5b23daddf87a32be0bdc57a3d82a27469ad4b13a2741a6bc85f50d648d4b3886ed837f0411c18263b068af18e56ae42b996cbf02a8934fe7d0e0d73fc7856f5d532a8aa85719cb69db6e624b09f624afeff5f1595d455d50d7ee28eabc181aef8375876a96e81e2d744253319be5fa1f2f378898a01b1937ef03a3a85a3d084db562af8208f3e08f31a9a93a3ae431e066ac059bbe18ca682a268a8b71cf9ff73f3e8716fe49f1b0992438aab32315e869a322a3c30e869a3c90411f56d652a919aa552c785ab12a2973a3ec23654bb64f67e87c89974f09704213e0474888cec14b70b1c9cad4af665191c10410411e08e30479d2bd3a0a632478204ab15aab8d44d4a28d2623ab77e80c98d64963ca5db97e14210bc0908aadd08e40969347f6139e7c63e9d08a8d22a845181f856a56b1a7539e6184e06a747046fce112a53db3f5db1abed1e342f1c459266ac22512d372b6265128e9258e466a10dddca11f48d3ae716112ba7c534d2c13aa685891a314d8d8812a2474dff64a1aface6649775e342f21d4aad0d60510d9eb7414e7dfc2f40772a483f4869360dac619399ccfe962a44a9d0ebe635269588258f12995714421412147062121aad95cf60ab1ccfe0e458b7a49f75412a689da1f89b4aed2220d744d8713575548248955fcf346ea87e242179096826ec51811462774ee851e560a191253a90a94ef2555d22aac7c8ec27386b989b5b02876f0dca5e0cb2e35e11229d442434882465d0cd442e29882742d63ba8b59a1fba123db2a5dc7fafe2a7dc98573476524430d5f769584c9fb4a8bad085a94b5696e2751d5a22ab4e463679e87b6a07ec29952d4a93aa09adee79bfc1cc7e242178e9c228956ee25d4545194d6b914da510acab22c4d4eaff45b9328574e8881549d5e6508510a8b622909b4350a3ea6d96a4ef11d567c09d48a4c678a987ce85568dafe492d81212699e8c7057324924f02f024c4fc0e5a0d22712b14552cae51b54d11b85aa24d98b623a8afcc2f472172db791f0befe3210b8478d2636aa26c683e648820c19bfacad94c4f07a8a61c2be7fa145599ea3b66c6a899351c5276382dc61b14ee566aa1159b409d1ca70d494d4db989a6a7c5548743457f0468360596ae445a77d48d395477db12c2845fd25b97cc54a4b155245f61491537c4caca37094538c9d81cf02be35323397991e5dd72492490a05a19fd68f92055509a6a5395af8790d9c0cc8aae9642125a45691c1c2ab242f25a75a50992886abbf1a6837e3813c046a9cc9a274a7c199cc93121ca6d7f6e26baf514e87bb2cba6f52cb26cbac9e471450fa1a48da57dce8dc7a1228c28ebf6267a509ff44d3b605c609b0742942d824471a3281a7b051c91124b6ce51a41aa140f03c326f3624aa86fbb742131281ae64d891a6896897b19a16b427c249247c0451ab9393d8ce5eaaf047b9bb8b519932dac592dcb0d3e686ea8c9153259294ac94a9710c946d42a246ece86872bbe5e266ccab5a89ae5a974f3760da447725ab39c95d19ae8266f59299ca1e483596246ae62e46f523526cb2c9fc15549743441fdb95708adeac9d2ab251b36ac8610e588223e1cd0f049530e744266e58934488556a36512285ab27253558b62050d8688d05a0c7048c6c9e045b8555d6a8b2f277d38cffd8216a3353243aa5aaa13e5b121a2a8ac795713c01fa4727cb256e6e892492492476226f4a496e76e9f4741b6e27145c2112094efac4a2bdc4ab5a36ab252ce742725d0de31318969b1280b846082110224081023c4208823f5c0fb8613a923686c6c6f8b648a039ff66cfc1b827740c647154741d4a49a70493c278cf0ab5cc2e45fefe13f55420a78a0821712081ae112245c981ea314188c4924924f1819b948fdbc3ddf9124f09e33e07594ee27b209249f14f9d2493c249f2649e09e09e14642237e0de0b6492493e09e1097045711817769df8ed957f46a985b124fa2c924f021e8f06b63f0cf8daa19d480eb7d8857386286f03b6e7769362555d1d9a073b34137f03a87bb91249249249e13e4b1457713f3249fa69e13e1925f8249f25b434a4ac91294dae9d63c909221ace97f69f767e3086697922e991512b625a64a219ec637c6380517ba1b57d525ceb59283be492de19323f73aa8e4819db786fd9d4f63e9d92697af1a8da3930b269eb1c2bc8889109a924924924f09faf87c291c2491b1b1bf153858d8d04a5dd3bfa242feed2f7ea4aa0622f9751e36e65e7faa276ea72484130d3b4d8bdd505df78281668445a875b9c83fa44b5447a05711aeaff32618d9a4d754d412f15e5847b3c9745a280494641ba7dea2dcf70fb1f7210f14fd5c9a68591ac81f4ca8f61c0a33fc49ec6d466ae8a3943f9213a39fd9a6237bd153d43ce3727cbe042f6672decd12a539e947ca135ab965ac742e1be442dcd5c8ba390c8db68469e8c8124f09249f0492493e64f8678186c92491bf116ffd52a0f5e4c1f08ca65d414e7242a1564e4f21d98947de2e37769feee57fc0b50bf408b2285e70e8b0b2ed8fb8fd20b27fe8126ca5d8e29ae46b0544358a7412664e6245909dd39d499d1d5dcc1efc268a369ec42e552170c5cc7232bba3a873a93a8967b12a2c84e3fd13b4f22656fb908e05aac0fbdcabd4ea7ba626266b8bd895d4f99a97b96ed259849ddba129bd5a93e4d1dd6d1284c9249132492492492492784f09249249249249278490216bb15472d9114a5ec927f257caecaf7aa4736434d5cdc94c4d849f240f296914517b109cdcd8cf516a98b3a122bbf623f2155fd7228abb20d701158584e450d2fb0fd53cc0d5626b441d4da629725b04c9712b12355a625fe175537a092d88693dd7226cfa096fc8c86dc2a69a955f712b6b721cd229642a74e659d55b1456244897a8d3a48d2a42488a9a1cd8ad447a9b563d8c117a08e1f31e86f914a8691b2caabc92c6f5486a509aad1332de48ee4a296735f809da55d3cab64ea8543a668fba13a6078b21f53a8f634778e8f889924924f19e124924f0493c101a89b7856cb2469072341552afb2962cbb0237d29c093452f4ff00084a46b35ce6edd8ad353617781fbcdfe871c22ee36bb94e84b86366882edb7a0922a936b0569ae110d2af7252d632c8ff00751427be0538c84364d205a23a5bf2e17bb849b9cc542986334e456854d0a9611be6b261364d3cea22d5d0995111585e49f71d54ae8c4e5108344ce84438ce04973646ee7914baca1f3b415558d9c842550d6a26ac32a28e0c09ebec416ec6c5b88e8d474e7b91c053ca7921a9b11ee43912d64e82c4548acdeb2ee449bca231626aae55aacaf71eb9f09407a4dfba452568b07e5102bb15792f90472af6437b441aa8daa505ab5413587c838d8d73132abd81310e3448f90098a208ece0d50dc547537fd8224adf7deb64453d5545df430a66eff88444bad46fb1250612bfdc6b7dc28c727ee529365c86514dea164816b7ec24efa885a0593ec25ce7050b26f62aa64821d8ea90b5f611a679645d51bea4e19d07f476b2c5933bd10aa8727144e4d63b3e48d2c8d1b998730eb2762cf878644a7731941715ad9658d4e4b2b2472d64aa89b130e248d0b3d7715534872204dab147022a39820af2581a9a282b692ca43d5895b51568350cc492d7a2d883e4434eb5d2486a2704efd8d579108d08850dcc4d5a5a1b71073343a0934c72884d510d99ac98d6527cbb7713b79a32f81bcb95dce24a32da2a7f28918255708523a1a5d35373b3823b11c9f81c8d9886ae7089942fcaabe46dd058917a4f16acd9413e9c239644f462d28136c44d820b411c453564854d868c4ab897b8ae145a6fa8a797e8755d044409a5d995e33e22d3fe5489a568635d779d87110e85c495dd9929d0e449a4b0eb555c6dccea237926095c147755c0fa8a3a5b41356426872ee284a7b1075c965412d48374ea438afb948d7729406d3a15fdc9abf38143d6342b74a09d267722f36d45fa16afb1064d60aa88d9d342d89dc8782cc167b8e5dca75487a7c8e50db71ce41a8b1fdc86da1b64b43651b1b89ef0334dc4eb33c174d1228dc221a7b7042222ac8a8d622ea5db8a321e4a4f21c5c5142526e6d5cc9b451c99910f38ee50429d477b0124942492d17917d66d0455ad6532ce31a8d3a6a2139c947aa45ba114d8599a0a93721557881f71a7fe16dc1c0154832a951fc933b2d85f2290ae56f141b7f04a257b1b1fd0427694c6e996e535b8a351d2c37459dcc64c21c63c9a29469bea4a992f887a91a4d1746eafa1159508bdfdc8fd85131c092f6141221d57620f605c47b90f45ba39084d1abc8d46a45255c5cb98a0ccec42fd9f040f722cd8955b815c438b094c47ea50c60eff00a15fc1a28cb6fe6b6077fbc87b435621eb42b914a11398a1106eacccbb1183ae45367b32124c46b1a91a95888508a544d4e7a0ae4389ec6a97c98a94c464aaea396ee3951e497a1725a5cabc548f5d97289ce761d6c83ba2a426a6db1495a08a2972b081b950d411532b05ab75a0e6143e456cc68b06aec955992e741ca5b1089442551b0693ab7412954c5f840b6288ce07c8a560c99b166a5aba946a2ef04428133439649b9581504a682c7d4fd8e7e78badbec2ce3f448a9b7ae4cd3f9b09e37508d484c92bdf10b34d4e45015d6494cfbce86a5d510e377817718d854a8c12af410eea09254ab8555fa0f9736439b0af56350ebd08234127d834abb09389ac8d77128a656830cd08877a3c96168c8d4b9c1429b08a57a096572c3d5d09c565186bb9ec109e46d60d3fd08ab171ad3a89684d0eb63434d7414d997a2c4ba9e0a1b96a3a9d0214c651a05154ab287a3087153a83ff00cbb08aacf928fc9ab01590beadb2efa103b01b701fc93d997737991c496b3fb3f451fc3e0afc6ccfd86fcbd86d8abdbf66fbdbf650bfdbf66ffdbf66bf6fecd2edfd8bfcbfb1abfd7f672fd88e91661e49132e6727808ff8fb0d755c9225465e66cb037bb4399c8481431ce469499e1660706215a4386395a6a84ff0439d86d34f7e1865f23aa87ee12a0d0d62922209e135ac1a0add86ac7bfe04bbb3a7fa645cc1599e9ff0b43611fe31fe2f19faf3608462b24ff2085a2f41ffc4002b1001000202010401040300030101010000010011213141105161718191a1b1c12050d1e1f0f1304060ffda0008010100013f10ff00f5242005aba0800422c5b65458caf8a9e870e403ff00e3c1b27b87e42295ff0045ef9acf3d7f75387e8c625907c0e87a08f5dced8b607c1bcb0ca5514285dd52b06a5e50d76c416d9a95f3cdaa88babacdd28f5e4fff0084ff00a4c9dc4c1fab7fb8a4c69f13fdb0d8f3d05fdc559a3ce2360a57c57f083aaf762cfa6132c9576cf28f981caccba0604d8ad5de2e20a69d15bf5de59435c61b81b01de1db0c86f74e0f88a156c3701405a5a599597c4fff009cfef6a0a8032aea5e0e1b02be979aeed3fe7a843e2595afcf5ce44f4021ad6f650fccbd6c7796697d111db042e8e7b42c8c1c9996689755beda8108b65d53ddcb52aaf67151c2a57da1614f737f432aa3d84b2bb451832cb77317c594025a56aae6d23e688a9548779671d66e350d4a0ac238dc618adfa2da6a5de642bf6556abfb87a5bb701ed5a8f22db27ef2144f30d45a9d8d6c5cdaf1243aa7e7f79653936f69480eef79cdc7b876625ec2fc4bafd6594a60d00de3fdcb757e3b0c4ab6f3c0fc66a6728a559cb2d959094a67dca51606ab12e7092db7594ccbf32eb9a2295057ae3cb70ee786d900dab350230f4cae633d31620b7458b0968af806f1df33289be8e8065e9fedefbf3c52dc2e72e590f0344bcf2cab6877b8d07874efe496c6d9dad44b904d5658340e78c01e20052f272ff9f128a961ad8f988721ed8a83704ccca92f6daad4cab56e54ea551c6e62c8d3af925d94741c4098da54645566b30dc7b323920b15bc7c93f08df888a761a960a58ba6cb8612b2fcb0a0c5b999204e7b17fb65388cbaa145ea03574d240c4a537ed02a80429c4155a15716469557532de4c0955b80780833f88506948ea7717ed8602f61d4516e0ae733f3ccbf920c1482aaa841979c12815a8523ff009030b5c76f2ccd3de8053549de47e902613d9ff08c59a20b25894e2d00d434c15b1541945f900dd46a3e2b1e03fb61d4cbdec268a0be5cb2e4f3c11cde7c1040f7b96aa265adab2f9e4586a204fbc576dc7451ad32c3e20c3879c316e6936f4fdccf2f430fea18c329e9cd59d9e238baad3b8ab8072d4a35280ad5679da5851066984c173cd3f2c17886df08db7529d055af0a2fd1106a74ca110421c38ad1d17dfbc1762b12872dece1fedaef6a47da26de116cc778370ddb2974ea11531c3510150712e24cd623d47ab0abcfcc059c356c6e0cab920adcb6408059a6b5ceee3f9bd8b360334b9252ada1d2f9adc68abb0b8c54aa009c1fa52eea0bdfba596f638714c8a38698f1afb5ecf6bfed5f6359f585d6f1085baf1086f1a842eea36a2d10cfbed0a4f2f328f8255475fc2c978e9a7a1db63110962cf7de5aaa165115a819be4eccb068a90c3df70a0cd9c7887dea22edcaca8bde22ca66e54ed0477e8671a766385e51f2145cf659cd76ff00b41c1fd4bfbcc176292fa92e27b5c50cea1e7e608095bd40e0e20ef598d46213152a71d7b41f8981d02de5788eef2a4f30adc58cd6fdc317528183718ab8eb2c268ba935de3ee2bc78ddae6a6e1ca1df90fb22802c07607f6643c51c9c941f209cc2b23fc060de210e20df88985784c7c47be194e23fc0ea4236039c6fbe258d54d93766ae0d0ece4951c1da38fdcb8e8d60dabc917c351e6cde6dacb84a1294a83c15613d97fda1844067b38e8f4210888541833f2e637bdcf08ff3b20f453a6fbcf39b848869f5a97e65dfc7406df507108a4759ed14353c2f0ef05257e38fdc1360201a0301fda3f06beb9e9cf421d041c4a44c575e3446d83b467afe67424b0a4a8ca3f78eb055beeb44cca500b403cea35ce5495862f21ef1708e00452861b45b0691760d034fa95d6008b3da64c55bb881e94aae0cd6716ff6b57d714f5fc085c20c506a2c43a1ff00e04f08b812f18eff0011d5f7fe34064b1f32eb56167da0626d1b530be1d91c1c8ed5c00a6f39fdacbc622618ce2da71daeb9864b7539ae7daa0e9989958c2f0ca2fd0e4f6df06af8dda5c8ff00662f2a51fa075224a53861f87a0c199ae8f686bcc119cff320b2a6f3094345ddc40302ceebb8077036f28a663b40abcc98722398868a39c8337a788b6c162bc7a1551091590911cb238b8b9ac3c44c1a789670acdd71fecf1a9aff00672a9e84d4b1b0bc21c9e610ea18fd418331c0e351f4cf135ffc14b53437a3676620a50ba8be7c4d286e55e725bb9da6cd3532d2b6a5f7801e4bb62226d5b18f12ad5bd336ccd65d8460af378f95fd98b5bc1f939a605f4b217d0d43a3c210be8f5f7fcb10668e97882dc95a37677cc10b0e08b68897cea203dfb9126b043405570371330a328e54b0fef9c2bfecc1e47e09446f87300c1a8f4184207412d095d0d4c4c54fc74254ae84370109550a8ecf1ab7f07d2055bde0caeff107682224485e08b5ea04fe2938f1f2541428ae39fe3bd9e07f655afbfe19be6eff00c0842108310426ff00f9309e7ab489510f9f1c55e6595d1a130327a22197da393dc434c47d46cfa75da9e7d4a8b546357795c52455033c5afbff00b207c6fc717c5d8e673372ba0df41d1741a847f812a1d2a54a4655e6188acb11d86796001ad27612bf51dc487ab0b47763ebbc1da6841c98a0b414c1c30b3655ea168da768b6abc6623462be1c17bfd8dfe09f55bfbce65743a10e8314508ebcd463d3c4cff02512a547580c122f0c692f7501bad395ca4d73111b4190872c465f1aa811b282d3658534e9a94794099276b3253c6258129e476653ccc92d288f0eef987a9070a26ed8c6201bc479c7bb66a6e1321627f5fe783fc46dee0c6a1a9503a0426a107a045d91f11cf43a10bdf43afb953b1209dcff008815764f66dcd4b3ebc469dc5ecf031594d8386358566e9ff55108598b4b357982b32361c444c1ec4f26ae3cd6b916ca63188992adec5cfd28ff005e277567e891a85e72f7a9cc2e3d330e9cce21141822423d0e857f03338999457ee67b1297c05e55e18fb478dc697ecf0f47570fdb52c29997ec8bd12f95ab98796c623cf2ff00d66b7cdfebe9ff004f51536d060f131304615d0fe0420e6297de3d484210d7e6133729df78f6e95822a2cd59a8306d52f86c83958ad4e3ae55bd32a57ba76799703038c931de1b44ad21339c62623b88df54ad2bf514d7f5baaf5b2b5bdee9d032fa1d0812bf80ff00c44730654a87433ee1d31312a3d370e605665a60082c377b0b96e66a1829956cc1dc01a6ef352aa94139e1f115b03cb549cddc330195966d66157a8dda2f7d565fd683fb97da71dabbc022dea6996713984086fad4a98bccc71061edd0cc45e84be83fcb889786401c3ac130585cb793b7b2652ace320b2592f37cba233702db05f6a20b556a455e7ebaed3980ad129de2e534b948eeca8d0387b9ecf99fd613df3f938a1478e835d08743a183a7331d8e84210af52ef5fc3172e5c21fc0f5ee2c5a5792fb2d62c63c3aa2ec81189a8082a6e5ddf44d11948cbea5dca4ae218eaa83d6c7658abd81feac0cfb5e2b4b1b5984398743a90970fe172de83507a93e6092e1ae98ea8cad295066cdb4e257ba0e792eb150773a01da265251028f2ffb9a9a6955bd531149e4ca3c4b4e9b768b06d507820747c05b12089664723fd4a0ce007bb39841f6c56c3a638860e87f11fe170874beb7d2e5cb97d2e11852cc62ab6cbe17519ba78bd5c4b892b128980cc14cf30bc4156bc8bda66d5e53e02242301700e174d768dcf139fb278fea0c7da76c0b5f820e42b5730c9eba0875e7f963f86fa67adbd4e970712e59d0d4195c03c9154be85fe83ea55ee04aa0e5ea257b89de6b7550b396bbacdd7215225faac554d555de33a864cb6439be39a8ea20ed81015394a03490f70eeaaff7ff004e049c4936de3e1e604149973c9f0eae2e96720e5bf9276b9d0c8fa485753f9f3d4e95d6e5e65e25c18b39e8b852582bbee5e279831041d3848ed1dc873e4db2d565e07231c7889abe727a85b1aa51ee531e184ef5da66b672f279f3f31fef36b02e5d56a7bf0c1fb1b76acb46c4d931781efef77f4cc7e2fbd5cad3642b6e132ff4c281276335f095150277b23e6ced05e4e1257f23a1d186fabd2b3fc065cb83d084b8306b7d043e4b6305722020b664b323cf330b2b89728ca0fb9b900672ef2a12c1300a5e0cd79dc2ad268fc87b8c03070874833556907864b419bfdffd2934f71038c7458c85325cad5b58a192feb798178a1db17d9c6a257868f1b732f1ac5ecd4c74e7f85cda77ed315e7ae2671aea99fe5897d460cbe846d25962e44f0452f52676877227714f247550ae2546ce4d4b3c5c78ef1513df13e7b31ba0f4e3cf5ef015b4732abf8b9340b2e236594fe8c7977fd21e8108cba214ad09be061ee1c27925b7150a264710bb501ad67e4f7136147034cafe36c1ef33d0fe55fc2a04afe03d086e986626d514ac335ba603a86b44f2628799645a8e7af794985677180c9030ce935f270c3eaa193ebe9a7f1060bce80b51a00acc5f667750bc7fd1dbde77f02133458a95549cd7b84509c9cbd83e2051d157bd8566042bb786052945a537fa8c2a5779a6f0f875d2e155e7a5f5a952a665741152a3d16188425c1e985959aa6beb512201cfb0ee7066525bee6ba8e69d32bbdfd83dd8cb60a33fd57b6bb92f8765ddf371cbe9c70dfd4ac4a1ea01e7a6e771c7f461e2fec7fc2432c1993f716a5ba1af965830db164da0812adb22a84e42c8ff00c466fb94caeb50212abf7399529950312ba24a892b3d38e8420dfee62556441f53b4021990342aafbca224af888267e1e2a7827c69f88c5bb8431843e616b92469dabc09a4afe8c7743e99d3ec46173fe9d4449132a651344cad65ca61e55da649a70d9f15115c85a3b3e2e763e49548e117ccbe3a2dd152a54b32a0422d28891e98e95095d08308a843795d1bdca60bb047a2a53d0cba0c0fade237a9408cafab93f53b20c2f37b7e1d3fd06f707a82e3a0b57b16d8ff00303105dc185dc354a35589c4c4c413ba77f715300158e2b91f30556bb25ee24f0d408112fdca3a574a3fd958fe0ff31eb4c5e3ccf2831906ec372ce40ed011253708769852c451d98b82ae0ff65c31d6ea0e5d9c9160a3a88f15e783d9ff00ee0e782f970c7a1083d535bc6a17961da10d4d46c107ee78883908e53c3e26c6dd8a7f8912855dacecfd4ac327bd24c12dc7b449ab1f11600f632825a5b92506e233533702576667bca66651d53a57f01218db10adc3afdd60aa5ed1a4959f113a1acc1a28a65dd6e235077b38cc5f0b821330b055d6d2afc4ae261349f66a0959765d3ea9ff00f66278a7f993fc0841040e890fe1485dbb34ef52bbbd4f25308c49ae059dc789cf4f310d215169671175b0d36c5339bb5e3e951c08fcd0a7eb9880825bddff0093485ead79f92244bf8588e2673a6bec6206c41a1a45c6193af337d0ea4dac144bc0420698a8f9986275569c03f72d8ca03621f2f7859cc272ceee8d4b3c634ccb8b46e03658c58d1a7e49fa48d2d0316aff00afbc662ec3b43f329c01f137fbfe45890b42b59ed9821754005ec5cc65fc83d977113fa92ba7cfff0075ea29cca87528b12a559d07a533d4c58621dbc9163ac2f8f8586b87249c2353d7f0f5883d15a976539ec4734e0d11c0283d455001f2945abbc8a7c0c0b972f0807d8b942176f23f37056ec72aff00b532068ed8116c1dd8fcc4168436ced599ce770e615598b7c097272cc0076e8cb82e0d51888ea870867d17711eca1678e66abf08ecbe3bc58ef0aaf1c412b39620cfa92b32c740c8ecc644320449f0a317164ff12a28e90943ed486bafc2cb5e5d6180edcacf0a25ba05fd7602c668b729662998f8a54969e16d511c98bde6d1c8aba8d84a8a540e0e1150e5de16e1f06152dfa1fec11d23ff00d1e9dff149a7a90204058753825f4a80e204d3328e4c42a956a6fad13224a86c340072c2252b369f4db72ab65b4a8bf17012d870fe4a4b143d0712d6aba392202abc564f744a81497a98efea55feba375fc8f533ec77129904ed3e4c22a2fbe229346e4abfaa328011e519fc8450763937db8023df4b5386a300bd7b18224865bec7e66706e788b808f6730f775b217e6a3c7374efed98ab201b3b75a32ceb1a2b43c0adc0cb3b34c78dde5f896869bfb44b4acefe25d518161048837165c2a10331b27935927b571b733951a4131ab7e91529ae874f762d682ec7b1dca95eac56aa643ea22b7e8a28c41e1fe53309e43220f6ef9527c3ff00c0587b7e18398f42076841d1ff0089588774a254a9c4a8c2cd76ec3bcc950963d81a662790506b11067be08837fa400a9b570cb5395bfe9895032e9a3fa4493d828fdb06367b8a51eae2731c2cd1f786e929c1c7e33f315e357552bf371abb07699fadfea5dd64e34dff00897b9f65bf420aa2870eff0012f4e2872fa5c19b23e0ca012bbc3258e3bf5fcca8a9a2de2e63f1467e70812e0a331d89468db0a1a05ed31f8963479038ed70a78077ff001a80751ba5bdc45d07767e0a8ed4145eaf6624870b4083580a0622abcdcf1f2402cba0e1e318c4562f681636da4368010c0d29f331653c5b07bc1753e4a96ca1cc1ef79536476139cb5fe32fb63daf3c5045a6970734f32b9ef2753aee771888a58964255150de5fa3a472daf2e53ee061264191fe291fefd0ab5e0225b5dcbb7d4f080e73b9761d1cc2280905e2297097ae712f531714ac463189ac8788e2e5fc2b7db87a5c4bd226c349db95687cc02b27b07f32cb8f2867ed137eddafccb567e454dc73c867ea460a1ddafbd5881ba4f755fa554a0410ebb9f103ec2a8fa11e6eeb74544417883150570aef2033cd24c0d9d60f1eeafef152b303147faccc2a8be93fe1102fccb71f8b96110ae6dc77ee96228a82feeb70169487862590adda51308d6d949fa85f388c8f20f9897974c39884c50511f02c80781f4c7d53062cca1ecc6bc9cbcc07234e06002985ea6d1d56d6e552d8a8614c2acbe9684aa7b8db069379a3588221ee924ae13cf7a95dc9e01c04210df07c454d2bc5453a8071ccef3443dcb661ee2b717d0a92970c712996db9c673ff196a68d5cff00083b7d5ec0ca9415a8975e1dcacd68d30fc31501b16b195651cddbc46436833b95cb2da85a63c44166d456ea6621b15140e87612ccb8bb1da5372fa5f41f0c07a316f7815ecb8f8234964667a84b772e5cc4b621b422db130621d9a7a5946bebca3abf7b08e87cc3fec031ed0c614ad8be658ac7942f646c5bfddc3a8f32efe0ed1b4aa4b93f820263be68f49989814734d7c2f300281e1d78de2f1302cdf6d5d3e50d41a96eb6f746a894202458e2af7bdc349282e2aad9b899bb957717bf1cc2727cc579a86a527389d99d83b4a596b834f90b885aab88bc46ae607d715c03bcb894f7082ae92bb4c202af6d7fb2955b134032820c5ab331f6ef0c2fd1205686e535152b31e1cbb8ce344c92dd083b94677f0720cac7aed76e4bd3d477a87e6f5285dc6095a3cd3f32c790a3326774773715d5680f9312a50cf908503e331e8053cbb445f3adf16c4d256bc9e6369859ed1e48c223fc01da4c358bef34521a344313cad7ec9ee63adcbe9b84cf8eb7db72f3d2f3de30ae652f70b19d7c95c0bcd4a2a2e688f889c912229d905c0b530895cafda40f9dc41752eadb4ee8ea15e27ee97d2df3512bd9ca92910c56b19e599c7da0205ca7b6d9538d46bfbcff0068f6272d45257c117724ab8f5091a41efcc0f8f50aeb9a20d2a1ad463b2ed303c5c1405077950a39d1185707328778260f7d0f7149638e84437f11d562abfa1f5c2533ff001be50330136b81d1a4ac92a870bb0d414356c4d43bb37bbfdc41a02e3dd2fa2e5f4731acdc1a977c1622ad5a1f997d17d2e5cb98972e5cccbcf57a98e989896cbfb7137ac1d0a236252f21510682e0dc203de55f985732bf0405bc74be8370cb3531943cdc03a64ed4ea205265dc3206e8965fa95e482ea5d8e2a15359e0f52d089131e6c4b17c4526655986395a847627d497fc1db54507c96c3f6887fbd0d7426ba14845f45c6cd9292f32e5902b503ddc30bc3457896ea5c196665959eab972e6d845eb640d2ee5d7ccf5158284117d34977d0e8306090715da635cc7b773da1e7a827d9c4cb5ccbcca4963b6c8e16071982d594d12b25cb714c558cde32cdaf4b09685b821ec45b21fd4bc06bd533d65194361fb90d47a5c21d097065cbe972e5cbefd16c56b9814069e23d9d172e5cb839972ff00f197061d0978ccbed89f7e8473d2a54ffb5d2fa5c3a5bc42152a1e20e25dd56e5dee5a5a36d6e148872eb9250342353e020aedabd45cd62fb456262f78acbbcc6b7d0b05b996519e97466a35fe451708b8d16d30901b82f55f9809d14794b8b4de4a3022db8e84439e12e0a68283e96090301fc42fa2c972e515764b972c9646d61a62c1a4e59603de5cbccbeb72e5b065cb84525db2c832e5cdc2afa0740224565c35d38cf5b972d7e6620a5e65e6f3069b87d66d71f64cc34dfc45ac3142c55c5b65cfd47a19b95516a0b6c2cc1a3aabe8867ac969e848786adebbdc146364b1d1431ea60f5299b664e69f999c3757eb119a17748bf54c5d67d1fd43ef5e00876327de0005ca95d8088964d6c0876032a3f32114f14490f48597fa658ac0588d7a7699de4c692f8af21280774b2daaf0d4a55dc074caf7e9f79e55d245ba40a4b6b16ee1447c908a7452525259d16c1972e5c1832e0c210af13d465620462c18241ccb25ff00c7f12c82e6ba76332ae58a6a2978fa4a5677317c7683b3172fe82f5bc74f2882e622f792a87cea05bb7f7eb79673fa0bc3dd6551cd216107e471844a5e577e56d4b567c91daa5863bff8424ded15dfcb04dc998b35a6880e0e1de778955ac2f8816b4ba6a646ec1659c979d59ea168d3af18f9a614c2294caa7eb4c53f26af5c344cd1a15696693541142e8f51425fd6a01f0e4c42e6a65aae68fce31f4ceff3025ec5cc6f9969a39f14fc0aa8e6b1a7a3bac410ea8ac817e7181f44ef24156e38e839a476bef54112d4d66c6327baef0072bd03e8665a3e7a8fd15446cf634263bb752e6441ba44277697d19625db697db2369e255722ef303bc02d8cbe5306a439b2d2ef601a6ad1f255cf107947ef3c9983979695654ac0745cb83082015081e54832cfdc5f88d468310972e0c1e8b97381e8c61036625befbcc632be82cb3a286f11ef4cbf715fbaaa61709c9fa2cac52875920f8371a5a7d9f906f04615b461df4bbf2624393c63eedc23b1e6bfd36c5032575ff2ee63e4bd23f6c7801ec95ac96070ce565500b14bb79424cffa8423bab7e466684c342f63a71ee505b452f35ab86d982c03e97ac4a73056536312a8350f50d83158cf9825b80e8cb28076cdce3e443048d093a0e32c2c5034d037f0c756c6d1828aa99a656f73ea63bc1a173cc5e2982d54225c62e5b8596ec7688e05932ca30686217e7d98236f18bdb9f139088e2c9714b2f5482045bbb73f73586a86dc3ced982cf076fc502fa627f78dbedecc8e3d5b765fc6da34558600bfca150814aa1146ac4aa670c8e978ed4628167a583ee4f34b4c241420503a0920e9a9e8bf40d92d065a5a114204163f7c738ed98c3171151f011ba97b28cc420b4c5be8a823ff00ccc0c806313fed6508228d6d0d71b4116355a7f32acc27c3b15dbf7ac7d05cedcfd72c31b40e829ba01d5bfe46a996ada62bb6ee006818ab78ed16a6cbba7ba3cd82f1c7d62f4acad797e25f28b17ce0dbe347d14c6e8aa5f0aa2e10fc14bc389b400af0ad9772db13c9f116455e4be31ea066ab55dbcfc4a2f61aee7d4c98a0a076f34f7612b9b39e3c4216d85f2faca8a4716ac57db351d2b26a8cd7b60821c19cab50c56ab85de508138d3f778228021bd1fae22291db3d8f38808da0c94e6b610a6b472f7f32dab6960f0f1552f0efc5156ef32b0065b1d97c9528241ec2214da0260a5a78404bc39b451bf328144258f1fb88d599f07c62825b976714fcb645d3956c85780fa7303dcaf1d1e6647375c4b1044c843ed0f44180d42453d90a4b49410b65ba594b5743ca460c0113354afd97c4dfa501f28a0a232db772867e8c330ca20f2ca6c4e8d3f84b97292de83f894c5b7130bcfcc7bc41730eb6286abe82094177b178b35adf90e054ab67d78286546bfa0fdd57012c96619e4a95f718bb038a02ab866fc8b77eecc0f7ccb9b7c51f69975453afd6a0f5b2eae29ceab5585641562512f0d82cf7e6e260934264d854c2aa056d8281c965740d55d1dfb4ba764a5fa65d4f0d9edca41ea4e40b7b661adc9f89e9008a2c85802bcb460e3bbd926114d11d8c25da8aa74915f4b266f72b05ac37853bd2dbf5cee180168bff000cdaf82edabecb1aa54979dfd2b5165057a5060b8afc9f3174853350c11e48d7ce651d0f83350eada8eb88d34e5c2004d6db0b75b67d7bb444500183c44a652f389544abdc24148b82a6264343de6c8c0cfa9b6b5791876dad01c7b956559d70fa46dbecf87a6704dda347bf114adf006e1b64cf8c87d472ef775afbc50256c55b2fc4b07de446e200e118f193bec98799c54b52a2bef2da228d26e3ace21f56806abddc165d552276c032db2ac4ce7c79bb611fc88b0867b380ca47f8df2c7e219be5be7dad2f0914846b75a79118c4fac574b22a2869716f4e65c2ee41f5246be9d5fc111d27d827e6640cee24fc4640dce5f9019f7186fc909e4103a9aecac0abb96a47bdf83e8999955b1787dec253ada7d36ce5a4b418aefbc0c2b6428a7bc943e08be5851551d802e306fb29613bec486982ec4a782ffd883cb2ac1f9638be7667185e6e20500f734f3e813094bce500c6aeae5e43871864a8aeec9b86ada5eda18b9999b7b92ca52ef2bcc02b85d3f3b8e0b52bb971e6af90697682a5d9c1ae6e121de1319ee3072b9b5a7659581dc34cfcbd54286417c5330b9ad0ff00605af43011a34c80e4d0b30e001ae49ba60052b55e6a140151c9b2b3b8e402e980080162eda943014d1af88d90fb83af49e25a97c4b1f9b25e1db352b6c511e4038fde650c22dcfb3b4b284f431d258e5ecf6994a12c08cb254c15de55a0bdbe7c9015856ebbc4464b03b3e6152856e066a9e7c4e6b4620c4668c3e4047b6e365a9e065813e1cafdc5790f4ed2a0f00ecdd4bd93725778db4df2393bc5ba06644ff209114e15a83573ba3dbc4596a6d357462cb0b8df68c534df92a254a379ce7e201a0cbc63307453e08a8b0bba30911c1a0c96439ae6e6442e58af54c00555b29ed70f2ca93d63a94f37dd0dfb613bf4594209a03636d04bb6068276b4b40742193f5548dfd4ae54d6146d01280087cb6c0258fbc121e97bf9b820c1ecf300d00af1fec5c0199c815f897a95b98ca4f3127177662dbde4375af7e3106ac9d199a62cb5ae20ee8311a564bd12d6acb565f7f100b6ced17d4ada05d55f352ed8410b6d0366df1d880a33691dcd99a1d9cc22a42dbe4f285aa00086161ab939ff00c48500bd733000a003f88bda5fe8188e24a576a398c0b96e9c371b237c7ed70714d0553bef72f5aba97f2c57809946ee20c46abe3c3194c20ac7044602980f6b9c346dbe7f1334ef0793bf888bf0454c85aa402adbb8afdcaba94dfbcc082f21b5230ac2bc66328df2a0645e3a981085952c4bd562b888a3012f94716ca696ea521434ff00a2d8882e8d64d3c4422aae83f6ccc066dcf64b36ec72f2f10b62832ed9f3a9962a32e7678221a065b628145ac836330ab029f6cc55354d7777cc02754ccd4c179f6cbb6c4674ba99c68385bbdc58b079ef056cdaef1de1798f0478f9855c9ae3f6916a2b68816c46876031ee239ac2469864c9b34fd652d2ae0595fa639945bb8fdea2f1abb42aa5d82d11b2cbd9483ebc14cdb56f96fd6220a01a8838a840cb23b57f8dc6ccde4c06bef6c22ab0c4e403b3712b436398c9f7de35f33116d98a350c2d10307bcc15442dc188dbb0a6e550c1c4bda1828b9c06e8dc20f2bc42b81b725cb866f41ed0b5d43420d400564c133cfa0c281ef094c376c19576e086d593796bd0510f096828ff00e1a4cef7dd7ccc5b6001e4cd3eaa146c065f956752ee47068d44085a15ca1caa35c0caba8e711ae3cc4b6302a9f3005b61fac230ecd5711518771259c5d400aab3bc53e2b6ec81c7e9e2290d25199407c5e042fdbd6a5d7696a10ab6dfa89404562b99491bcb17c9004d39b5014f664c7ef73629a4c84a2ad6c26b5a2ebbd4b1d0a829dc0266cd957b55d32c3c343100465cdbc7b998c5b42205172c9dea09762f52b16f683f02980921c9b15e08861bc9ac5cd6d76aa72172f0a5abbe7e22ac0266c531f3c4a2b80e7c3515b8ec2ff33031a5312318a422c68ae0180a7cc428af65c166b77921638c1ab615f92f9170bb8a5e4626e2df22a04b72ee60d956ed8238dc06437ee51847c6e28a68588d869559892a2f27c42160fcff00db80bac90290d1b04adc145db09c0570817590d8c0597c99c41605d6523384b630ad6723bbf70a57ff0089414b5e2e3456ab647d3bb54a9bee5ab7e9038a9d8afdcc1fcd696fd5b7ff00aa835b66c7bfda412b0b992b1e6e24d21569aaed1740137daf17984a4ae02068c89f25732cb624fd1ef2dc5dbae3e25484dea05300aa3c239375ce3c4373c8d69cc5e684d5733109b207ed2cab319dc4716b5b2410249d1f9220a3f618efd0eef78809690d620e94eb055c01d833505347da616d588020038e1bf53030b1e8ca5a8d12bf7134851bff00888b8a3b31bd08c94962e2b02f9ed994e303bc71df72c5802d8f2cc8deda3516b9bd820a136c53a2449303cd96e8f445a1b99ab854795b2b151b31f81fc1a80ba1c2b392362f06c9942368d61ff89a063504653462b632b2ad14af9bfd4245d5b2eec0bd0d91fa8ddf6f10f21b77730dd97dde6052dae4a9a40ab72cb4e019ccbb4357cf15e2676167e67245e1985a3e44c448a97334c5f32d008ad42e19d06394dd41e8cae304e0e3ce07d6323e30b5fa256bd9581f6ccca9b8597f9bff00f1522a355c0f9237274d03f7481e1d787cd7a6a53d31aae3e6a185763435f862740c514bcf92e298d5c3922a0d80e7cbc26156b7908d6ba7361f6608384d9088a8d8d1058aeca0ecc0a5001cf1156d39ae4a824280c804b7272a522182dae2f9f752ae0060c308fee1c83015d163883250b7558235b9bc2204829e788c453cbf18e55a46bda5a828e389ad05ae5ba2fe905ebd9e5174b2ee5fc41288b5af299c28bb1202c2b673ebbf796044b66bf72eae28ba77f13931e0bdef2c2b03b8598d8c465b58dff89952740c62a6880dd138a8cbd32cc3592912da2866def1478e6014a53301a00d970f4b0f8e6bea461120c37da542148bf3ea3bb41e39bf329bf31abd5c0a9bd8c6116e5b82bd0d7c4ba8d9704b1ff8254395effc2066da42cf56024d62bcfeb715b7ef6dfa09667fb17e4c2187dc77504af4407ffac7af80451037d9492830d4c8016948b0aa961e8f7081ee71b0b8ecabb364687ca915801e33832c0ca53be099041af04069aeecc3fd9457f47fec7ed5857fee3057d6fde73cf959f115777f58b9b75d1e335d895d99d9c7b267e89d8735bfb6446be6ff009c06f98aaa8622ccd1516fe156a631985386515a9dc604a12db5cdc3cd172ae2698595b81ced1466395b2611d8ca0daf15d939e831924350206e9afc415aa97931505b0f88150d2702164cd1af5046a0a2f63efd40571756a42ad28b1f49820aafa4b00bbb8bc1adb5defcb28436e4aff2185bb65a5b7c622b5e72f6633472ac07fac52ef77428f505b7ced01f98e56f2a33ead20fff008545b08aefcf822dbcbe11629a3d26ee6de2295783588b857e8d42e515ef10b8f706a05a3f840f41f1fd0fffc4002211010100010304020300000000000000000100101120502130318040514160b1ffda0008010201093f00fd9bef8bd747fbe9878f41fcfad833270a4f6199999c987e1382749d9f5f0dc197633822749de5d38735ba5d767e38363b0619b4b4ec11110c30c3b862d2701cb7ffc4002411010100020005040301000000000000000100101120213181f030405071418090d1ffda0008010301093f00fdc1ebfc70e9f9ca4447c10b8f3b5e76e9c1b33a8208888cb2383d896bcfae53e76db1bedfefb652d461c90c430c61f3bea637079f5ab94bc5cfdc2e756a49b7e83ab9dcbe1c9f41c110dbe370ce19938d27061f96ffd9
16	7	3	55	{"XS":1,"S":0,"M":0,"L":0}	\\xffd8ffe000104a46494600010100000100010000ffdb0084000a0708121215181511121212121218111818121118181918121218181919181818181c212e251c1f2b2118182638262b2f313535351a243b403b343f2e343531010c0c0c0f0f101a1111183f2121213531343131313f3f313531343f3f3136383134353f343f3431313f31313f3f313638343134313134353f33343d3131343131ffc000110800e100e103012200021101031101ffc4001c0001000105010100000000000000000000000701020305060408ffc4004e10000202010104050608080c050500000001020003110405122131060713415114225261719132427281b1b2b3c1232433628292a3c2153435537493a1a2d1d2e1e2174454738316254364c3ffc400190101010101010100000000000000000000000102030405ffc400251101010002010402000700000000000000000102110312213241317104335161a1b1c1ffda000c03010002110311003f0099a22202222022220222202222022247bd62f4edb40451a50ada865de667e22943f07cdef73c4e0f218241c881dd6ab535d4a5ec74ad179b3b0551ed2784e56feb276523ee7949739037d11d9067bf7c2e08f58cc81f6aed8bf56dbfa9b1ee7ee2ec485f90bf0547a9409e1def640fac74f7a58a1ab757461957421958788238199e7cb5b136feab46c1b4b73d7c72501ca3fcb43e6b7b719f03271e8274dd369294755af5558c9ac1f36c5f4d33c71e238e3239c0ed222202222022220222202222022220222202222022220222202222022250c0d474936d57a2d3d9a87e2117cd5f4dcf0451ed38f9b267ccfb435b65f63db6b17b2c62cede2c7c3c00e407700276dd6bf49fcaaff27adbf01a566071cacbf9337b178a8fd2f191f968026533298f182440b84f76cbda1669ec4b69729656c195bd7de08ef041208ef0489e05e3ca5cade303e9de8aedfaf6869d6faf009f35d33c6bb07c25f67783de089bc9f3a740ba50db3b50198b1d35b85b5071c0cf9ae078ae7e7048f09f42d16aba86460c8c032b29c865232083de0c0cd1110111101111011110111101111011110111101111011110138ceb17a54367e9caa30f2abc32d43bd0726b0fc9cf0f1247ae75d75aa8accc42aa02ccc79050324fba7cc9d2bdbafaed4bdef9f3ce110fff001d4b9dc5f7713eb26069dce799f7cc6f678458dc661302bbd29988809952cf1f7cc52b03d2ac4711251eab3a65d932e8f52ff82738a5d8fe49c9fc993e813cbc0fa8f089d5b1ca7a51e07d6a256471d57f4b9f54be4da96debea5ca5879db58c0218f7b2f0e3de38f30648f011110111101111011110111101111011110111101111038beb5b68b51b3ec0a706f64ab3f9ad9671f3aab0f9e7cf25f9f89fa27d15d66ec87d5e85c5633652cb6a8f48202180f5eeb360779027ce6ebfdb0319e3000ef32a384afb440c6621a200c012ad2aa38f081902f0e5c4f2800af77be5ca4af1e199696cff00840e8ba1db4bc9b59a7b3242aba6f7fdb7f31ffbac67d3227ca9b19eb4bab7b831a91eb6754c1664560580c9032718f9e7d0fb33a6fb3b5006eea6b463f12efc1b67c3cee07e626074b12c5704641041e4472225f011110111101111011110111101111011110284ce43a51d3ed268815561a8bc6715564614fe7bf25f6713ea9e6eb43a43e49a6ec9188bb55bc808382958c6fb7f6ee8f947c240cef0379d26e96eaf5ec7b6b315f752995ad7c3cdcf9c7d673f34e718cb8ca191561f64a123c264969102ba8a0a1c1e20f10c38861dc41ef06634a1db822b31018e14127754649c0ee038933d14217529c4ee062a3c39b103d5f0be732fd985fb5408dbaccca8187707f30f2f53192dd4abaeef11a9b01b74856c9562080c01c120f7f10470f08c6399f74d8ed60cb73a3904d44d631c9550ee8551dc381e13c2eb12ee6d2cd55f6d06b3861c784a2fb0099f5a5b7fceefe3ed04998a20b966547226212e128e93a3fd2bd5e8f028b484ce4d6fe721f1f34f2f68c193f6c2da69aba2bbd3958a091e8b0e0cbf31044f9814c95fa9bdb386b34ae7830ed101ee6180e3e71ba7f44ca896a2220222202222022220222202222025256596305049e4013f30e303e7eeb3b6a1d46bacc1ca538a97f43e1ff7cbce3733d9b42f363bb9e26c6773ed6249fa6789a4526f3a1ba5d3ddaa5ab5486c5b51d5002c316f06562548206eab7bc4d1cdf7414675fa7f9569f75361fba673bac32bfb55c7e63aed6756b4b02d55d6d59190ac16c5c671f9adef266ab51d5a6a467b3d450f800f9e1d381c7806f19d7de7529afad8db9d1dc8f52d219b858b43b962a4607153c8cf7ed2bff18d32038df7bd8807984d33839f1e2e0fb67cc9f88e5c75265bdcdbd3d18ddf6d6aa2bbfa2badd21ed5d10a56412c8ea470e232a7048e1e1300d936e9b554ef56cb559721a9cf157af7d4ae0f8e0af03c78c93f6e35ced656eb49d3bd2ed594dfdf257b246160231cec6c6339139e5bc5956ca52dc4dea3d67b1564cf1e7f178fae779cf9d937aef3d7d5ac74497b7aae6b5fd17d6d97def5e9d8a76ba96de2c8a0aef336465b2787809abd16c97b287d4ef20aaa74421b7b79ddb74e14018e4c3991ce48f4ed3bacd9baabddf76c1e5615ab017715308a0638f71e278f19cc6cb40ba0a108e1aad63e478aaaa27d2a66b0e6cee17726e5d76fe532c71ea9af6e84757b55a51acb6c4095d08c958507780f38976079927ba6e74bd16d9fa552dd9d4bbab936ea487c6f6173bce70bcfbb11b4f5afabd3dffc1f73a5d558eb850a199ea24143bc3cdde1c548c71dde3cc4e735da87b76187b19ec7caef3392cc4aeb377896e3cb8719e4c2f367d3d79d9df567c69bbd337a9e91c56300679e04c8252544faef30b3a1e86ebfc9f594599c05b1037c873b8dfd8c673aa67a686c1e1ce07d572b3c7b2f53dad35d9fce575b7eb283f7cf64a844440444404444044440444404d6f486eecf4ba87f429bd87b423626ca73bd3eb77367ea4f8d7bbfaeca9fbd03e71b79cf3319e9b79cf35922aa2743d04fe3fa7f6dff006164e75394e9fabdd333ebab65c62a5b5db27929429c3c4ef3ace7c975865f5571f28eb768e9b56bb4ebb9cb0d18b68aeb0cfe697b74e50944cfa45b2d81c7c66d3584b6d1d32804f67a7d639f05ed30833e19dc33c3d3bdbfa7ad6b40eaf7d3769acec90e5b1536fb6f11c10e33c0f19a85e906bacd476d453452baa5d2d29e52ccfbc8cd7b56c0a11ccab83c381004f061c39f2cc73935a9677ecef7292d9bf72bbb4d8aa975b71b6d736ad69d9bb02958f309083e2fc1e3e339fdb1b3cd76e90045514ead9815006ed76125860776fb28f9d66a5f6d6d5ecd1d6da5bb64d1bd75ad230cda977ac26f33702a54679fc21ca56edaf6d9add2d2daba354058e6c6d3d6d5eed8bbc1ab3bc70cb940410307741f09abc1c925cb2b3b4ff29d78db246dfa25b385fa07a6dde54b9b5a32b80c50b9e2a4823b8f1c1957e8a575b6968aec735e9d6eb4efe0b366c56192001f09d7bb909a5e8f6d6bd6bad0ea74f476d7355a6a9b4ef6bd9f860aecceaca1406b0819e7ba470e72fd1f4a368d8ab685d13ef2eac6192c56dcd39a8300c1cf16df5c7b22f073f7e9b356ed267876dfa6ef627472ed3eb351a8162793dfda31ac16dfde6b032330c60e32fc73f1a793a4157fedbab51f16fd49f76b8bfdf2fb3a656d568a353a472ec1b74e8ac5b858119c36ea9dde2ac8c08ce46e9e12dbf6de8b5ba3d425362d763557d8d53f07dee3612031c3648f8a48e33170e6eb99678fbc7e3bfc7b6a658eb52fea8a254caba32e0302320119f03ca5ae67d38f3093357ce60433324a3e93e8737e2748f413731c7805240073df8026f671dd5a5dbda31c413bec4f3c82eaaf8393cfcecfb089d8ca844440444404444044440444404e43ad07c6ceb7f39a81fb443f74ebe705d705dbba155f4eeac7cc11dbe9020417673981c4cf64c0d22adae7a34dacb29de6aec7af7d0a39aceeb1ac9059723e48f74f2a9e332340efc6caf24b5c6cf6c5fbaa10b312cc2bd5325ec37d571945a8b606ee0be09598f4f865d3f66ea52bda2b7220c00ba2b750f5271f016239c785b9ef9c9eaf690b01dea91988dd165aef632a76613754bb7710ce3c0b9ee12876965b78e9f4872e1f1d9e070afb30b80782fc6c7a433ea81dd68b69575e934fda7c1d29d95613e14bde43f0e6706adefd3f5cf326ccf25d66cf46a92bb33a90d621046a11378577139392cbc7bb9f29c6d7af55c7e2da738f26e6878f65f0b3c7e3fc7f1c70c4d9745ee56d5e9f76a4acab6a4964046fef2d8c0104e0051e68c774e7cbe197d5fe970f29f6dbf47b45db8d0dc96541749a82b72bbaa3aef6a459590ac7ce0dbfcc7a27c27ab43a63a5a14dcf4ef53e549604b6b7c59a9b34bd928dd6f381556391c06e367189c3d7ac3b8abb949c57657bc6b52dbae778b16f4c720ddc27a3f85df7b7fb1d283bfbf814aeee7b3ecf771cb731e76efa5c66d2baddb1ad5ab6825aa69dfa29da2fd9d4cad5a951aa7acef292379d595d8649cbf76401aee90369c25a8a16d5a468134ee5be057769eb2cf8072481a7031c81b09339df2e6dddcdca77772a4fc9a6776b7df0738f844fc26e647033359b52c6deca5037daf638a9061ae50ad8e1c060023c0f19478d9cb71624e0638f1c0f09639e5ed812d63c440bd2655989264581357533a82da7b90927b3b14807b832777cea6491224ea52ec36a53d24a1b1f25ac07eb092dca8444404444044440444404444048d7ae8b31450be3639f7263f7a495230ebaff0027a6f9777d54810e3cc0f33bcf33c8aa555b3baa2f16765551e2cc7007bc899acacab153cd4b29f68383f44f5f466bdfd6e9579ef6a74a3e6ed533316d118bae1e16de3dced03cf1110199bce867f1c43e8aea0fba979a39bae881c6a73e156acfec5e72e5fcbcbe9ac3ca3475721ec1f44bb32d51c07b04ba756412b292b02b2c7e7f34ba7a2cd21ec12fee6bada8fa8aa56ebf5dfdd03ceb322998b332a40927a9ab31ab75f4b4efef5b13fc4c9aa417d51d98d781e95568faadfbb274950888808888088880888808888091875d63f07a6f9777d54927c8c3aebfc969be5dbf556043964f3d933b4c1648adf75754efed3d28f0b0b7ea23bfeecd7ed918d4ea0785fa9fb479d0f54546fed4a8ff00369a87fee14fdf9a1dbe31aad4ff0049d57dabc0f04b65d2820566eba227f18627ba8d5fd93cd199b8e8c9c5ae7c34dac3fb269cf97c2b587cc69c721f3466504a89b65740328204a2f9d469f4bda6c5d4377d1afa5fe67a92b3f5c7ba72c2489d0cd376bb1b6a2632572e07ad2a5718f9d2046c0cf4acf3d6267581dbf552f8da157ad6e1fb363f749f67cf5d59d9bbb474feb368f7d4f3e859508888088880888808888088880916f5d87f07a6f957fd15c94a459d771f334bf2b51f4240879e6171333cc464577fd4853bdafb1bb934cfef6b2b03e8338edb6fbda9d430f8da8d49f7d8e6485d43d5f85d5bfa29a75fd66b0fee48c6cb37d99fd3666fd624fdf02c9744b600cdd745466cbbfa26b7ecff00d6690cdb746d887b71ff004dacf76e19cf93c6ae3f31a8959411368ba5d2c12e128b84977a9ad387d26b10f2b1c29f63565644224d3d480fc5f51e3daa7d407ef95109e9c600cf31f4cceb32ed04dcbee51c96dbd47b03b0fba62581d57575fca3a6f96ff66f3e8a9f3af573fca3a6f96ff66f3e8a808888088880888808888088880914f5de7cdd28f5ea4fd9495a459d76d59af4cde0d7afeb043fbb021e7989a657964825cea3eaddd3eb2cf1745fd4acb7efc87aaf823d83e8938f543a6ddd997377d96ea08fd1ad13e95320eafe08f60fa20565732904c2866f7a20997d477fe27acfaaa3ef9a1337dd10f87a804e33a3d601eddd53f74e7c9e15ac3e63420c4a4ace91904bc196097081749aba8e1f8b6a0f3cdebfd952485049afa8dfe2ba8fe93ffe55ca88936e63cab538e5e51aac7b3b579e4599f69b66fb8f8dda83efb18cc0b03aaeae7f9474bf2dfecde7d153e7aeac141da5a7f51b8fec5e7d0b011110111101111011110111101235eba88f26a3c7b73c7ff1bffa7ba495239eb8e9b5b4d5f675b3d69633d8ea0935e1085271c94ef3649f0102117964c8d2cc409f7aa751fc195fadefcfb77cfdd3e7e001031cb031ec9f457563b39f4fb3ea16104da4da0039dd4b30547b71827db388d7f5377063e4daba8a64eeadcaca557b8165dece3c702045656376482dd51ed31c9f467d9659f7d7319ea9b6a7ff0054ff00e56ff248381c4dff0042937b525719dea75231e39accdf7fc27da9e8e97fad3fe49b6e8af575b474ba95b6d5a3b30b629ddb327ce52070dd1df89cf9a5bc7649ddac2c966d15a721ec12b89dd9eaa76af72e9f1ff77fdb29ff000ab6b7a1a7feb7fdb3a32e1712a167707aabdadfcde9ff00ad1fe1319eac76b8ff0097acfb2dafef2251c68126dea40fe2ba8fe903ddd9573854eacb6b1ff97ac7acdb5fdcc64a5d5af46afd9da7b13526bed2db4be2b62c157711402481c7cd3ef81006a1f2ee7c5dcfbd899459b0e90ecb6d26a6dd3b36f9a5f777c0c6f02a1d4e33c3830e135e20761d572676951f9bdb13ececac1f7cfa12407d5568af7d6ad9481d9d19ed5988c2a58aea001cc9241c63c24f9011110111101111011110111101349d32c790eab233f8bdff0050cddcc37d2aea55d43a302191802ac0f3041e0440f955d659c07789f4f7fe9cd0ff00d1693fa8affcb32d5b1b48bf034da75f935a0fa040f0f426edfd0695b39fc054323f3542fdd37d2c550380181e03ba5f011110111101111011110128656207cddd3d3636bb516d94db4abd8c15ad4640ea8022b02c3072141e139d5f7cfac19411820107b8f29aad5746b4169cd9a2d2b9f16a6b27dfbb981c4f527a6028d459f19ec44fd144de1f68649d3c5b3f66d1a65ddd3d35d284e4a548a80b6319214713c071f54f6c0444404444044440444404444044440444404444044440444404444044440444404444044440444404444044440fffd9
12	4	4	65	{"XS":52,"S":16,"M":33,"L":0}	\N
10	3	1	74.99	{"38": 10, "39": 20,"40":0,"41":5,"42":0,"43":4}	\N
14	8	3	72.5	{"38": 6, "39": 5,"40":4,"41":5,"42":10,"43":4}	\\xffd8ffe000104a46494600010100000100010000ffdb00840009060713121215121313121512161616171516161015171515151515171816151515181d2820181a251d181521312125292b2e2e2e171f3338332c37282d2e2b010a0a0a0e0d0e1510101a2d1d161e372d2b2d2b302b2d2d2b2d2d2b2d2d2d2b2d2d2d3732372f2d2b2d2b2b2b372f2b2d2d372b2d2e2d2b2b2b2d322d2d2d2d2dffc000110800c4010103012200021101031101ffc4001c0001000105010100000000000000000000000401020306070508ffc4004310000201020304060606080505000000000001020311042131051241510607617181911322a1b1d1f0325282c1d2e114424354627293f116174453922494a3b2e2ffc4001801010101010100000000000000000000000001020304ffc4001b11010002030101000000000000000000000001110203211204ffda000c03010002110311003f00ee200000000000000000000000000000000000000000000000000000000000000000000000000000000000000000000000000000000000000000000000000000000000000000000000000000c388c5d3a69b9ce104b5729a8a5dedb3cea9d28c1475c6617fee29fc40f5c1aed7e9c6cf86b8aa7cf2de92f349abf610ab7597b322edfa45fba9546bff005036f06a34bacad992cbf494bbe9545ef89e83e99e0771d4589a6e2b826f79f7475607bc08db371f0af4e3569bbc24b2f83e4c9200000000000000000000000000000000000000000000000000f0fa6d29ac0d774e4e3350ba69b4f26af9aecb9ee1e1f4deb2860710dfd4b69f59a5f781f37d7ab2debdd5f9a8a4fccc33949eb293f12ec4bcd9647c7c8cab138ae46393ee25cb0d397d184adcf76fee22e2684e9bb4e328b6aeaf192767c74d033ef199abeac8b27508ab714fb2e79b17f362561eb2d1fbfee0ad9f6174b71983f568d5f52f771924d3f35f0d0e95d1eeb5e854b431517467a6f453941bee5792f0bf79c72167c7e265da34e5e8a97a285d3befc9453929ab64dea97d2f6765e5d2be97d99b6286237bd055854dc7696ecaf66f4fee4e3e62e8d6d9ab80c4d3ad9a519a552377eb4349c5dbb2efc3b0fa6a8558ce319c5a71924e2d68d3574d1b45e000000000000000000000000000000000000000000006a3d6ae33d1ecdad6fa551d3a71ef9d48e9dcb79f81b71cbbaf0c649430d495b777e751acefbd18b846dd969cbd80723ad057361e8863a850df95554ddf25bd6bad1dd5d763f335775b9a6bdabcd177a4caebd86328b73dbafde3e6e9bee23a614231dd49657b5a9b764efa3692be7af6234ae92ed7589a8a6a2e368b4ef6577bcde89bb2cc8ae647a88918539eaf9f1d7377332c2999694fe7fb98a68a266de87a10826bd5ca4b35676bf66b6f1b19f0f8995af194a2f8da4e37efb1070d5ecf5f692abc775a9ad25af7f3ec5a5fc19065a916a3bcd64de4ddb377e09eb9df870674eea7fa5751ca1819de54d465e89e5785af2b5f8c6d75d964733c4c635e14d39fa3952de5f46f19c5bf649592f3cb3181ab2a3523528ce4a7092709716d68edf776d9eac912b2faa41a9f43fa71431b18464d53c435eb41e49c964f75be7adb536c36800000000000000000000000000000000000000001c9fae9ab7a94a1ca0df9c9fc0eb0714eb72bef63251fab18af65fef039e3a68b2ae0deabd6d335935e3a995195e9f3ee46478d294976fb1fcf7a423597f725d7d73e5cbbb4c88f2a79797cbb76a02ed4c53a651c5ad3c13be65f1a9728c17b1e8e0f149add969ddc084e0e59224d0a292b5f37abb7ce4417296ebb6ab83e3dcc93462d352be56cbc78f6221c60b8dbbd12154966ecbcf4e4048c054ab46a6fc6a28c93de834fd64d3cbfb9d33a3dd6cd48254f194b7de8aa42d16ff9e2f27df1b771caf0f0e2de7e0bc72d7bc9788a4dd194a0a529c64bd559bddb6bbbabcefe42e95f49ec2dbb47170dfa52ec69ea9dafe3de7a67cb78385486e4eee32d52bca338e99a92ce2cdbb64758b8da538c6a56dea6b85482736f2c9d45f4a3db7b96247760795d1bdb70c5d18d5838ef596fc53beecbe1c8f54a8000000000000000000000000000000001c1bac995f1959ff15bc958ef0704eb0dff00d5d5fe797bc0d4777332b865eccf25ddec31c25992275acadf36cf93332205582ecf35f7e9adcc13cd5fb3970f9b922ad5bf3f9f0e6889397cf9e7a8164bf2d3e7e598a4bcf869c8be5230d796451e8611fa8dfcebf0b096795932260aada56d13be5c385bde4c9c55ff00320b371acacac6482b7231c92e3e664a715c00b9d3595a5695bc38d935cf42f5567069bbe5a4a2ddd78af592f33cd75bd679f17ef2453c63407a30c46f66db93e2f79c9f8df3f32b8ba1e9611f46e0aa26efbd2dddf4de56969964add8fc6246bc25f492efe264f459fa92bf63cff3f68a1b67457a415b05254d54dea6feadad19e7757fd64f53a7ec9e9b466929a57e6b2381d3c6495b24ecd3ca4befb1ef6176a534afbd3bf1b53ffeb42c2dbbbff88a9f293ee6bef663a9d22fab4eff00cd5231f75ce3b0e93c569e965f652f75c4ba4f5a5953a4a3fc5395fd997b9838ebb0e9545293ab0f46a36cdd44e2ef7d1dbb33cb8ae64bc3f48a94e2a4b792693b3566aeb89c4e3896e5bf5a6eac9689e505f67425d4dbed712af1d963b72973b13a8578cd5e2d347cff005ba4537a3362e8174926b1118ca4dc64f75abf309c7630500454000000000000a152805252495db492d5bd11c03a7b514b1552516a516db4d3ba69bbdd1d6fac3c54a9606a4e2ed24e16764d7d3574d3e0d1c036a4dce4e7bcd6f3bb5ac6ef927a01856a53113f9f9f9c88d797d64fbd16d4a927cbcdfc050c73918e7f12b34fb3ccb1b7c9fb09431b45b345eefc9f918dbcf40290d5fcfcf0264312ed9e7f7f79121f797acc0cd2c63e0bee2c9e3a4f2d0c72463710116648aec65b08d8c8a605f18ff0fcf999a9d4dd7749a7cf7ac47f485ae604c855be567ddbd91ed52774ad38becb9ae419914da03dc949a7f9991549f266bf3c535c4934769cd01ecaa751f06bc0a56c2ca2af264786df928dae9776bed20627693a8ff5a4049750f5362e3d509aa8de6b38ae6f81ae41cdf25ed64bc25249df57db9af27901f45f41b6f4b1987df9dbd22b5ed6cd3fa2da5c5d9f91b19cdba9e727fa437ca9716ddfd7d4e925555000200000000050a96b0352eb4a56d9d51739535dfeb276f24ce035a27d1dd33d93fa56167493b4b2945db2de8f07d8f35e27cf9b6767d4a3271a907169f1593f104bca944c6d1964616c21994cfe5175ca01632d9c5994b40c565c8a65dc37eeec67fd19f069f99047b7716eef6af332ca849166e8512ee2bba2c56cb901638870664dd5c8aa82e406351eef3457c579fc0cbbbd85f0a498115c6fc7d8cbe349716df8d8991a48c90c249e8808f1a4b92f2f897dfe5fc0f5b09b1252d6497726fe06cbb2ba2b4b2de8ce7deecbca36f781a5d18ca4d4629ca4f44936df6248deba33d5be2ebb52ab6a14b27ebe751f1ca9ad3ed346f1b0b65aa4ad4a9429f3dd824df7b59bf136cc1d392d42a9b076352c25254a9276d65293bca6f9c9f13d32c8a3215000000000000028ca802c9221e2b014ea2b4e1092e528a7ef2758a580d6711d0bc0cfe9612878534bdc439f577b39ff00a58784ea2f748dcb74a6e10690fab5d9dfbbff00e7aff8cb5f569b3bf777fd7aff008cde3706e0a1a23eac7677fb32febd5fc45bfe57ecff00f667fd7abf88df7706e01a6d2eaff011d30d4fc6f27e6d99ff00c1582fdde9f91b5ee0dc03519740f02ffd3c3ce5f1304fab9c03fd82f09cfe26ebb8577023419f55bb3dfeca4bbaa488f3ea8f00ff0056aaeea9f91d1b746e81cce5d4ee0783acbedafc259fe4e60febd7ff009c7f09d3f746e955cca3d4ee0febd7ff00947f09229754b835c6abfb4be0746dd1620d168f565828feacdf7cff00227d0e81e0e3fb3bf7c99b65858a3c4a1d19c3434a51f22752d9b4e3a422bc09b62a0628d14b819144a800000000000000000000000000000000000000000000000000000000000000000000000000000000000000000000000000000000000000000000000000000000000000000000000000000000000000000000000000000000000000000000000000000000000000000000000003ffd9
13	8	5	12.45	{"38": 6, "39": 5,"40":4,"41":5,"42":10,"43":4}	\\xffd8ffe000104a46494600010100000100010000ffdb0084000906071213121512131215121210101216151815151517131215181517161b1a1516181c2820181a251b151521312125352b2e302e1a1f3338332c37282d2e2b010a0a0a0e0d0e1b10101a322320252d372d2e2e2f2d2f30322f2d2d372d352f2f2d322d2b2d352d2d2d2d2b2d2f2d2f2d2d2d2d2d2d2d2d2d2b2d2d2d2d2d2d2effc000110800c4010103012200021101031101ffc4001b00010001050100000000000000000000000003020405060701ffc4004310000201020305040606060a03000000000001020311042131051241517106136181223291a1b1d114425282c1f02344627292c20715435493a2b2d2e1f1243363ffc4001a010100030101010000000000000000000000010204050306ffc4002a1101000201030302050501000000000000000102110304211213314151145271a1f0326191c1f122ffda000c03010002110311003f00ee20000000000000000000000000000000000000000000000000000000000000000000000000000000000000000000000000000000000000000000000000000000000000000000000000000000000000000000000000000000000000000000000000000000000000000000000035ec7f6b68d3938dafbadabde2aed7259bf6984c576fdff674d756a525f189ab7682bfe9a7cbbc9705cda30d5a6f9fe2722fbcd4ce32e8d76d46d989edd625e928c3a6eb5adbecb7efe0632af6bb14dffef9ae97f3fac8d7db6512478ceb5e7ccfdded1a548f46c11ed5e2d7eb13bf8ddff3191c1f6ef151d6519fef42dcb8acf99a7aa6f914a9111ab78f133fcc93a749f4751d95dbd8b6d578349bc9c2cd4578abdf85f99b660b6ad0aaaf4eac65a657b495f9c5e6b54710d9b4fbca91839594a56bdd65ede3c0aa86d18efd5dc8c92a151c25bd7de8b5251b4afa6763569eeb522b998cc33df6f49b62270ef20d7fb1db6157a2a2db7529aceeeee4b84973e5d51b01d1a5e2f58b4315ab359c48002ea80000000000000000000000000000000000000000000389ed4ad0df6def66db5a67777e5c8c6bc5c7450967966d257e1e3c89f6926df4463b47cacd3f61f3d9e79762d13d3c79675ec79a6d4bbb859379fa57b3cd66f865e5ccc7e3e2e9af46ab6d38e71f56d771b69cdc5f998fa95672f5aac974b2f7dae510a4b8b72cf8b6fe268b6a694462b0e6e96df773a916d4bf1edf91097bc97db9bfbcd7c0a9579afaf2f377f89133c5233665d5c42e69d6bbb4acaed5a4959a7c2f6d5684f8cda35a6b72a49b5179a692775f69a577e6582772687a4ad6f492fe38ae9f595fd85a2d38c2b358f38677b31b5a742ac6693b24f54d29c5f05967a5fc8ebfb331b1ad4e3523a497b1ac9fbd1c5b12d4eacb10f10bbb74e3bb4ad6a909a496eae6b2bdfc75b195ec976a67867bad3a94e4fd28df8bfad17c1f5c99b34753b36c4ce6b2cba94eed7311cbaf02cb64ed386221bf0bdaf669ea997a74eb68b466186626271200094000000000000000000000000000000000000001063eb6e539cfec424fd89b22671c9119720dabdd6fcb2b7a4f449f1e69af818c9e1632f5677bdb2bfbfd249f92bbfc7cc53bdefc59656cf23e7fab3e8ecf4fee9a7846b85de7a5ef6e766af62d6591731ab38ad6eb2c9e6b9e8f22a962632ca69af1d6dd13d3f3931c4a7985a49df23c8c49ea612eb7a0eeb95eed757656cdf12d64dac9ab3444c4c2626252b450e59a5a3be56d6fe046a6de51577ec4978be089a8c7827fbcd71f0f04220995552af3569f1566afe3056d3c3813514d2ddbda59bbad167efb2b26454aeedae76c9bbacf8af13d9d26e2e29d9bd5e69eeeb95bc516e15cb2b81db1530f252856b4f2f57471b3f5a39a6afcfc73379d8fdbedf6a356095ad79438df8d9bcba6672ca384ddb3b6ba3bdd3e3ae8ccfac1ca5593a518c307ddde5554a29c1c559a9a79efe99e7a9efa53a9198d39796ac69f9bc3b1e1768d1a9ea548c9daf64d5edd0ba3856071d34d6ea7bef256d5b7cee6cdb2fb61569c355271b292969adadae5a9a69bef9a3f867b6d3e5974f069db3fb7d4a4f76a53941f1b67ee7668d970bb4e8d4578548bf3b35e4cd74d7d3bfe9967b695ebe617808258ca6b5a905d651f98a78ca72ca352127e124fe0cf4ea8f753129c1e392e682927c51287a000000000000000000000000623b5757770955f38a5ed925f8997303db47ff893f1943fd48f3d69c69dbe92be9feb8fab9162a45bc112e25e64127e27cfbb09264526512914cea0c0ad4ad9ac9f864c96f1a8acd5a4936b75455f2bdfaf868faeb66e4554a7692ea99689c131951420d4651793ef7765e5bbf36fcc996765e9249db2c92f68c43dcc46edbd0a9169a79abc5b49a7e364bfe91353de6967a65ecd7c6e5ed18952272f60afa29756d7e787bc929c6d24dfd5cfa25cca552973cb8f3d7e4458a5fa3967eb38c53beb9ddf95b22be52b6c2cda5e8bb277cb269af14cbb5597d68d9f385bfd2ff020a54795df4e05c2c378689df3595bcc66653c2e30b522a49c66ae9a6afe8bd7f6b2f797186a718b9ca9527195669cda94a51c9dfd18b6d473e45a2c25b971e13e1f749b0f80a79ef5bfce96be0d3fcbeaaf5b5a3311c3ced5acf329b68d0946519eebb4d7457fcdd7917585c5ca2b82fbd1f9969b46953518a4d349dad793be71ced26da7794d5f9245ad39a5a64d2c9ac9af3479da232bd666619c5b5dacef7d6d64dded9bd3915476c4ba68d66aefab5a70cbe060b7d7e7223ef6fd084f4b649edb9dbd629a5b5a5cddf9dddcd7d5727ef72b95e538874cec9edd954977551ef5e2dc65c72d53e797c0dace49d9bda71a3563526ed0a6d39359d935679799d629cd349a774d269f34cec6c7566f4c4cf30e6ee69d36cc2b001b5980000000000000000354edfe362a877366e73f4d5964a30776df95f436a669ddabc452757766dc5c231b4a3aababe7ed33eeadd3a73fbf0f6d08ff00b72caf5d5cb694cdc2be029556fd3c3cb4ce51719e5ce51b3e79dcb59f6662f48527777f42bcb4cb24a471a2ae97721abdd11ef1b3d4eca72a357c2d569cada7ece6415fb34926fbac4472cb38c9276e368679f42d83ae1afb992e0da7357d2e9be8b37ee4cb896c985da55651b2c94a9abdfc6d3d3c7dc4987d94a2efdfc5fa0ef94ae9b5679677566fe4444467ca667863b694dcaabbe4e29279e925abbf8bccf61897f5a177ce2dc6fd52265b26a36e4e54d6f36f592b7256ddc8bca5b22a47d6dd6ed74b7a377e4de6fc3e45a7994662216d42a49eb4a095b8fc5dd66afc4f258a4da72f4ada25a2cbc727d7528c553aed26e95450bd92dc959bd3376b3797b8b58ced95acfe0278f0446590fa537c22bcaed656d65e4533ad27f5e5ed6be059ac41ef7de05795b10b8eadbeadbf8849725ec45beffe7905364612b98b57bd912d3a8583931dff008a4306591ef326471911e1e9549e518b9359bb2d178bd1712ee9ec6ad2ddbb8c5497592fbbc5f85c631e51d48675e2965a94d0aee4f7609ca59bb2cccf61fb29bb152ab251cf5a92dc835e10f59fb4bda33c3524a3083acd3be9b949379fabacbcc8e11d4a3616c99d44dc9a516bd279eec2395d37f6b87e72eafb2e5174a1bb9477125d16468db2b0388c559bf4295f2cb76097ecc7eb3fcdcdfb0d454231847d58a491d1d8d26336f461dcdb3c26001d164000000000000000053239bf6cdbfa44effb36e9bb13a4b46136eec18623d66e324ac9ab5fdfaa336eb4a7529887b68de2b399723ad2fcf0fcea4129f97e0f4376c57606afd4af06b8294251f7a93f818f9f60b17c2545fdf9afe43993b7d58f46beed3ddabc6a35a37e4edc7c09a18facb4ab517df6bf133b2ec2633ff9795495fdbb850fb098ce549f59bff695eceafb1dca7bb10b6c577ad593b7dab4965cb7932a5b5aa718d27fbd4a9d9ff9573326fb0f8dfb34ff00c4fc2c791ec4632ebd086abebc476753e54c6a53dd630db13b5bbaa5baf94651f6eec95caa3b4e9f1c347c6d3aaafe776794bfa29c5caacaa3ab08ef4dbb2949b577d0c8bfe8cb18b4aebf8a5f2347c14cc79fb3cfe2232b48ed1c3eae8ce1e31a8a56fe2895fd2b0f256dfac93d77a3192d1726b922b97f477b41695a0faffcc4865d84da8b474a5d6df245676778f1fdad1b8abd9ac2caf79c5ef5b5c3c7a70774fc4a3e878477ce9e6acff43256e894b279fb8a25d8fdaabfb2a32f3b7f311becced55faa41f4a897f3149daeafe4a7bf54ff0040c1377dfa5a5bd4af6f6290860b06ad69d2f472ce95677f169bcd96af60ed3fee17e9557c8f3fa8f69ff707fe2af911f0fabedf74f7abeebefa2e156b569fadbcad86bdb3beaf37d0963570f1bdaad4f49e6a10514f4d56fa4f818e8ec0da6ff524bacd7fc13d3ecaed496b429c7cd3f8c89f86d59ff51dea2e7faca9277dc9d47cea4fe4afef3d7b66b4b2a718d3bfd88d9ff16a4d85ec3639face2bcd7e06c3b3bb13563eb4d2e87a57656f595277156bb84d8b5aabbce56bf193bcbd9ff46dfb13b3d429b4dc7bd9739ac9748e9edb997c1767e10d5b9196a54631d11b34f694af38cfd5e37d79929c72e4489006b6700000000000000000000000052e08f3bb45608c08fba43ba448062047dca1dca240310298c522a00903cb1e803cdd43751e8029dc4371150029dd47b63d000000000000000000000000000000000000000000000000000000000000000000000000000000000000000000000000000000000000000000000000000000000000000000000000000000000000000000000000000000000000000000000000000000000000000000000000000000000000007fffd9
15	7	6	76.25	{"XS":5,"S":6,"M":3,"L":2}	\\xffd8ffe000104a46494600010100000100010000ffdb00840009090a080a080b0b090b0a0b0b0b0e100c0a0b0d13171510140f1612120e16120f140f0f1412141813161419201a1e19182b211c24131c1d3222332a3725223001060b0a0b0d0e0b0c0c0e0e0c0d100e1d140d0c221415170e1e08170c10161011170b1013140b1119111e09190c0822181d140f1d100d0c0f16100b1415231618ffc200110802e5020903012200021101031101ffc4003300010001050101000000000000000000000001020304060705080101000301010000000000000000000000000102030405ffda000c03010002100310000000ee200000000000000212224004488908904488484480212224008900000000000000000000000000000000000000000000000000000000000000000000000000000000000000006072ed4fb39bacf91a162ef8efde972eae67e89bdf3e74be5db7844f2f40000000000000000000000000000000000000000b32f3f87dbb1e9715ff001f135187b583e6471f4fa8f310d87d2d47376a77cea9f257d046e6393700000000000000000000000000000000000001c57ac7cdfd5865634ebdd5860f9679bda159000cedab48d9bab0faee749ddb9f60ac800000000000000000000000000000000000735e4bbbe8be8725ad3f60d630d439b600490981978b957af65ee7f2efd45a5030d4000000000000000000000000000000000003e7cd4f60d6bd1e3c2d7b63d7397a112c7489089842601936326f1eb7d7df24fd33be3b08e5dc000000000000000000000000000000000003e64f0bd1f27d1e4c6f13dff03977259e9108a8550a6a999465e27a5a5762fa1fe6afa1b7c7741c7d0000000000000000000000000000000000001f26e0e4e17a3c793acecfac736f3063ac26b85333330a66993d7f237adf3c3ee3c53b65f3e8038ba4000000000000000000000000000000000003e47c1f4f03d0e3cad5b67d730da8aaa63ac2441042692eee3a76dfd38c76fe1fd7d5e9e38fa4000000000000000000000000000000000003e50c6bd47a3c789819b6b2d3ca1cdba26044c0a6aa53e8ec1e2fb1d5cf4f53e61d251d9871748000000000000000000000000000000000089c497ca95d51e97179f9d62acedadce562f274a2622488213909f6f272b07b39327a5f32e8113dc070f500000000000000000000000000000000000d6f64e5da5391517ad77f2d8c7cbc2a4d7e0ed9aef3ef8b17b1b1d2a8b9544d8da3cbf737caaa71bd2e9cb0f63d7bd19a7d40a6af3bb42000000000000000000000000000000000f025effcdf93e17772dab1998ba52d63e559acd8cdc29cef890c1e3e9b3771fd247ab18999d9cf567e1e46948f5bccf42f1d9376f9afb772efb30e5d800000000000000000000000000000146afc736cf73e757ddbccb3545e312d66d9ace3d15d1598f373f1a86bbb2e1e3b6166df4c79fec61fa5a529cac7af4ae4ce3e4cc2f5aae5be75ef9a6f63a7d2ee71d1f8f70ad8000000000000000000000000a79c5ebbdf21d5a8ede6a5551be485099a54c594a2aa2dddb70c3b37e9a4dd9aaab2d5acb1e566d172abf76dded21545445499899a49bbe9f9330ee3b6fcc5b0f36ddf1e07bfcbb04480000000000000000000f0fcae31d38fa7e75a8ede6b94d3426ba62985514933490a4116eed0615545ca4de999b452a8635352b3915cd57855112ad044cdb92b9a51352815ee1a64c3e8ef4fe60ed1c9beee39f600000000000000001a064711eac2bab1b1faf0f4a8a2dc4de8b62a9544ca09a6292a80515c1e75fb37e93755c5a225261dda2e43255044c5c84425105ca2292b9b530b955aa4a72306a3b0f4ef96fbaf36db78e5dc00000000000001a7da38b7974d9f478ee5b8a626bccf3f2cbb551331768c2c589cdb18755673326de4cc4d515da29550605da2bace4d32b445418d5576a27314ccc4c554ca226e566c53b2dcadb54584d6e4d88326c4e299114442fed5a77a967d493819fe77584480000000000038b769f9976cfc5b68ebe7852845ec71e961dcf3135514fa359abe98f9ff00798b754d36bcfc35bfe06ebcd663d7f6bcdcb2e739dd78adebf43e16cba9e37d07a2f36eef7afcf3add76fa71dfa9dbace3aeadd7b9dfab13e86dbae78d95b6ed433f9edeba2dbc9c7e9c2d16d6bb731a119d8d731d15fa381992eedbc728eafc9b863a80000000000051f257d2ff33f4e0aa9aba32b344db85755b13895d74b5ff769c7d6b7373d1f77adba0714edbc3f3bf6ef3b0f6dcafaafa5e07b131ab73bfa8be6fb47d25a4ef74e1a709ef5f3c7d0fa57e552ef4e3def1bdec5e4df4baf9f7d05ad3e70deb45def5a7abcafa672facdcc5bf4694c3b576cc4d1897ac5273e9bf8b6a67e459b966f1de7e64fa6f0d43977000000000000e73c33a772fece6aabb5774a63dabd62134554a63d5f2e889f422c665a3236ad57d74fd21a2fb9f3df3edbdf66f9ff00e878714d8351d9ef16395759d526bdcb47dcb9de1aeb1ddf86772b57e5a9dffc4e8cfb73d38e3dfe61eafc97d6ece7dd31f7dd2f1d2799ef5a16d453730ef9dbb172cd6d8d5e27a99da862fa17a65166f1e8fd2ff2e7d119df6d1c5d2000000000001f3969f9d83dfc9376d5d98b58d99891314d54944548656779d9565ff67c5f7227ba7cedf4278bcfaf21fa7fe4dfab25f3d6e7cdfba5a3c0f4767d0b2befba164e9531ecf5ae43ee9e8eabb3609e8ec9adee74b7cff9fbadada9ed6a1b56b50f1746dc74bdb3a6c558f6a5bb534c5b1eedb6733ebdacbd691e7e7f986576ce21d2d3dcc79fd6000000000028af5898f9a24efe45ec7be518f938c53113136a68aeaab2f0b3a6723d2f0f225f495bf5b0f8fa3e6bee9c2a3ab0bb562665a31e7a67bd4b713744f2263539b96af4aa95057e978f29df3aff00ccd4e57ef5e6f1fef74bf38d27a0736d73bb62e5bbd31ed4d9a4e5fa3e0e627dbc6f2732f5bfe7e66143276ad4fdfbbea19c3ccf3bac224000000001cdfa4716d2bcb2268ece58bf8d7c63e463c2d4d35162bb55d2f9176cad0dcb48ce876de318d6539372dd37aec5f467ca399969f4ef2eb7d2f1d355e71f4073f98e31b875bbb7af898bccfc09744d6f5f8bd22117a51545a8b742e7d9541666d568c3b555bcef6a6d5cc36bf9f5dbe9e6bb6268b4647b1e37ab67d0fb373ee83c7d2195c000000001f3c7d0ff002d6b9f8f4554f5e145eb1753558bd6622d554548c5af70d2b2d73689b77a47a5e7e64ad45bc99addb372d26e574d5317148de7ad7cdcceff00437cfcb53042f542053302c656344dcbd8b95318572d575b60d8bb8f8e991e9e24eb9dca6dde9ad134565df5fc7f62d3d53acf0eee3cfb073ea0000000011f217d7bf1c6f96553553d385abb6ae44cd9bb6114c2dc3b7f07fa83e5ee6e9f431eba77c722b5bb569cec3cd2d52995caa5304099a6a26015533288aa214d35505cb576931b2f0eec31ee4d3138141cfbdf5bc8d33aae5baef4b75dbba5ff0047cecebb6ffa17e69fa5b1d03977000000000f17e54fa53e6de9c6b554ef8daaa9989b989998511166f7a74bfd6df17fda9f2373efe3cd193d38ddc6b9666b977abb568a2e5174a9098980a9124c20aa68a89a6aa45abb415556af9829b70bb66fe2c5b06acbb5cfbafa8db0554935dc8b96ad7958d7ed3b2fd21f37f7aacfb6387a40000000039cf02ed1c63af1b886b8d9aa998b5ff3f3fcf889e87cefb9e5a75bf993e9be41cfb70bcbb15f573dbcac3f4ad0a256555d922ea999894415cd3054a24aaab751729882629817ac5653899fe6c4e679f9befd2dbef12fb3fe2de7db298b93be517aecdeb4d7133155fb178d93b4712eb32e883cfeb000000000e1bcbb7ad17af0b88af5cac11137fcfcfc285bfa77e5ff00b170db3861afc81e6eefa37573e45d8ab4adeb74c4c5772ddf44c22480535d244a49908901259bf4505ef2bd3f3ab373a2f39ec14bf6af933eb3e17cfb71d8ccc1d73cfbfe6e5694c9a2c5368c8bd817cda3a472fdef5a76d1e6768000000007cbfae65e276f3d75d155f3b30889bd899362271fed1f8fbec1e6d832d3e55d536ed3fa31f42ba2bdf288568bb5424a5242609502a98151054a64ae22e1459bd64bde67a1e7c4d5da38af57cafddf4bdd239ba3e3db19591d9cdafd5ebdaadb02ee7d77a63645744c7a3b7ea1b06b4fa30797dc000000022714f8fefd8bfddcd7269aad5b315442bb37adc4ec1f52fcf1f43f2ee19dfe66d03a2f3ddf2cf533be1176ddd95d89891000025124c20a915115d15155bae927ccf4bce898e8fcdfa1e57fa3072f4705e7df4b7cbbd38fa5315f4e34d17661669bb661e8fa7e666695fa7268afcced0890000006bbb169331f36dca2bede7b95d15da96addeb513728aa989e9fdd78a76be4e80a5be5ad47ddf177cb2a13d18cdfb576610922013084cc25281281355215d32556aed257e6e7e144d8e83cf77bcaff004b0e5e87c81f5ffcb17af957fceccede6c8a6cd168b9451359f4b2f0b22f1f4b7a1e07bfe7f5052c000000e75d17945a3884c55d9cd5dcb572629b37ac97229ae27b0762e57d538fa02b6f8ff0f2ac74635574d5be6bd6af2b14cc4a2412920004822602aa6a2bb772d15e3e4530f2f6cd4fd8c76fae8736cf9ffe80e652f9ebd3f13d1eac332996b4a2ba6a4e75ec6bd34ef7b9685bef1f48657000000715ed5f3e695e78475f35caeddc16aeda4a6943e82e89a6ee5c7d2159f923ccdaf55e8c2e45746f4bb5d29aa01312481210a8400809a45da664a6ab778f1efd38f86df6a0e6d9e27b63e2bab22cf5f3e65562fde22f5bbd68bd91879b35ec9d2397751e4e80c740000007cc9f4dfc9fad3c844f5735572d56b556aedb4536ee5887d75ea44f0f581f3be83d4f95f5612a6e6b95d89a25201304c552012084004d3322e59ac94db28f23dff273bfd9f271f481f306a3d5397f5f3d1918b7ed5bf55aaacbbe979de8dabd3bae71cec7c7d01968000000f8efec4f8c76cef4d2e9e7ae68a8b96ee50b53938db5527e9d1c7d20711e4fd5794f5f3cddb5774cca64902494826124c014894212a692e29ae5529a885559f5c227cfec038df1aee5c2fa31a6e515eb95e9a6e5a6ee6e1dd98e9fd9b8b769e4dc32d00000023e2ffb1be39db2be89e8c6b9a2a98b914d6b5be97cd7b5e56eb6397a00e2bc8fadf24eac2aaa1ae715d324841132a9122504c0222a822608a6a94c551422b63de2e2d5d97d795791ebf075844e81f397d47f2def9555d1777c66e5abd337e9aaccc751eddc1bbcf26e1968000001e4fc89f5a7c97b657662adf29955358ae1331f42fcf7f4c63aeda39b6038472eee7c27a31bd365b65796e53766d568b914255d56aa2ed34099a692b9b708bb16a889c9aac0aecad0bf628ab2aab1169fa8f68d1f78e3e90acf9bf21fd9df186f95e277c6bbb099b9115cc6fbdffe7efa079770c7422400003c1f937eb6f9337caaaa1b6576bb754a6249c6faabe54faf70d3d0186a0731f9ebbe70adf2a2badb6535d92b91362a95faf16b95ea6dca6b5328aa98a45332426914554555556a94ddb513128aa13de7aa73ce87cbd01597c83f5f7cc3ae7ab5cb93d58db9882f5f8ae6377efbc2bbaf2ee18e80000018df1c7d9ff18eb9e4d946f95a5c98b2e53135abec7f90febfc740c75039870cef5c1bab125ae7445759666eca2ccdd16aaaeb45a5c4adc5c16e9bb10b717694d98bc89b317050bd05363271697fa377fe59d4f9b60acbe6dfa4b80dabccf2705d197b93e77bdbe5896fd0c09747ed9c67b37174065a0000003e2ffb3fe49bd7c89c7ab4a5eae98b57263086d7f53f01efd8ea14b010918b87eb2635dc1dc12d0b0ba511cbe9ea4972d7521cbebe9a39c5ce8639e3a18e734f481cdebe8a341bbbca1a2646e6357d27af22754dac8901c33b9f8931f2522f6d945fc79bc7a95f9d6f4a776ea9a56ebc9d014b0000003e6bfa53e6c968576cdde8c66bb3417a2b9b57bb752d077ee6dc2b200000000000000000000000002247c6f5fb1e6f67359aea8b2fd537ef4eff00b8ea5b6f075056c44800003e69fa5b82da39655877f5a64557b3af9f9b1b0ed12eb9b01c9d000000000000000000000000000007cb3e6750d67af0d42dee178d433f67f474cfb07a913c3d411312000000112000000000000000000000000000000000000000000000000000000000000000000000000000000000000000000002026000024000100480000000000000000000002000024000000007ffc400341000010302030507040300020300000000010002030411051020122130313413223233404150152324421443512580355371ffda0008010100010802ff00a52f9a18fc66be2fd4d7c9edfcda851d71fec8a58a41dcf9a9248e26ed493564d26e6645ed1cfb46fb5da81df76c159facff00313ccc819773def95fb5227cb6e5dab8f373aeb6dc838a0eff007b6b2a3aad9b35ff002cf7b628cbdf23df2bcbde9ef2afa6e9aeb26bd504fda33b377cad6cfdacbb21129efbf01a553cce8e56bc021c011f275527654ef765bd49b9bc26ecdb761d26d536c9f93c51de5b3271b226e784d36585bf66a364fc9e226f556ca4f0f0d9e254cfd9a88ddf295a7f2e4ca4f0f0dbcf7fff00237ed46c77c9d57572a0a5dcdb70d82ef0177bde80de8e3f939fa8957eca5f63c3678c22772c3c5a8e3f937ef91e57ec149e1e1c639a0b0d3f8e47ca1f104ef2cf0c77404d0b0bf04bf2613b984ef2ddc3dd6b21feac2bc87fc984f4ef03b843c411de8f258574cef93fd8a7a1bdb6e10dee0323e15841fb728f937798e4e4d520b3f83178d147c2b083df947c9bbc451439a906e0ee0c3cca76eb277842c27cd97e49c6cd257b6457ea78318b04ef1a7fb2c27cd97e4aa4da9e5cca6f24f6ec9d6d6ed3ac8734ddf2277896186d516f92af76cd23f32873520bb2fada3658b93547cef9533b6268cfc9628fdf1c7a0a6dbdcb1c09088239e560a2682e44fb9bdd0f0e5ecd50bb6e263be41ce6b5a4ba693b599cf3a0145ac92cbb31de4ed90d361cf7bb67f567759bdc4580002397b0587ca0b0c47e3aa2aa1a61de9a69a7df25fd8e8b778276e913cbc145c48dea36fec6f77a773ba1a03dcc707329aad92f75df16e2d6b6ee9f1073bbb4a06fb956079ef0b71d1ccaf1376726b76938fb01cd3bd90ceffe650574b1ee92292295b78fe22a2b628bbac95f2ceebcda4d8f3b15bfdee8596ef673769d747fc16191575de56ff7434b98eda6415fed500870bb7e1259a2845e49eae69b70e5c31a37f12296584de382b6293749f024b5a2ee9eb8f2a73726eee20f450d4cf0f286aa09b77af9ea2380296492537938bee869f7438d0d64f16e30d4c330ee7abaaab117723b9249771bdd0d250e382410452d687f726f535757b1f6e1437f1fdd0d279a1e868eaed68e5f4f5d3989bb0ccafc72869721c626c330a867ed19b0ef4a4800932c86595d21cc6e3a6eaeaeafa8f3434b90e31e7a29e4ece56bfd3620fd8a5d9d40e7757c82035390d2796b0d73bc2da4ab72968e58623249c16aa576dd3b0fa5c51f79dacd4de7912af906a81d03e2600e8299dcea2969dbd96c9a1a44ca4a7334cc75451c11c0f7b1b454a5809928a97b3716e1f147348e12ff000e8d3e82988eed3c1b754e865fe052aab8db14e58cf75430b277bf6eb616432b447470b2698878a7a56f2a98a2eda9b64be30f0c534ad85a0bb14dd0c6dd3ec82b66d587bbed3dbe96a5db75329d64a3935ab92c34fe49589f90c2abb7d15d51bb6e96326976c62041c4c90c8c0c349303aee75b141b4371dd374af586126075eadcf656c858ff0021c539ce76f72c2c772572c507945619e73d56f5b4aaa5ccfe4535f6992e26c2cc44d991155753fc9d9d256d2ba3905873beedbd238ec31ce3a8239342e5950756d588f4e32c30de0704c6db167ac539c41619e53d627d464fe95cb0af25eabbac7a7f4ee5ed961e2d4ab121f8ed2b0c23b5902c4c1ed23765870fc958a1f29ba8e4392f7411546eb4ccf495eed9a39380ee69a2e800d0894150756d58974b96167bd2356cff00c95d627e731617e0953a18243b52540d9a89406ef85813238e3dd1d5bcbea6424f4e57ea9c0076e87edd131568bd13d45218a46bc4cc654d377778dc70dea5629e6c799cce4772193f9a84ef40dc03e8f1677d9637816b90ae1a375f20a88dab235b8f3c4f67b162c38daaacadf783d6227f29617fdab132f12b2dbbbd71d282b0c92593b5ed311eb1ebfa10e4bc5caa7b945227f7e84e586cdce176230ec4825186f52e5899fbb1e4723939339a714d5ee9fe251f354cebd3b3d1e2a7ef31bc31953f530aacb8a49485486d571655c6f56f585f39562236aa216aaba3ec230f2ce8c2c27fb9625d5943c85434d15431c6411815a226bdac91a5af0d023d80a0bff222b623d21585f9b22c4baa1a0e4e43badc821cc27f8ca673540efb4e1e8ebddb5592700e9a7ea6155dd1c9930da561caa8deaa5585f8e55887534cb1305d0b03630452b5870d63a296764988432bea5a59fd3b2b0e8e586278960697626e72c45ee8e266c533cba9a373990f6956e85760fa7ac81aec4ba5585f992ac47abcce63c5724a0826f891e65379ac39ddf23d1c8edb95eee2d3f530aade8e5543041d8094fb269bb1854c6f3485514513206bd866a7678aa2ae99dd96c7d4a0f6fe638553a68df5e1f2c4f5f52850c46995254d3b5af0faa9207d29d96b5ac01ac117678982aaff00f234ab13e95615ce6588758ecdd98e5934643df20a8dd6999e8a676cc32390e18ca2f3e2559d1ccb0ee8d9943590474b1ed9de495b4f22c72beb64d347e5c75927f21b2cb14f4f378313dd4ad58635ed3217621d63f3764501b901915fa9ce23620a06e2fe871176cd149a4f041b39a548d6c8c2c717d3d2c42fee738d92486d147873cf9ae870ca6f35f5b08dd0f6b592f81c1cd759f9df439f23adb547342f818c6e26cd998499bb9647926b96d2db2ae9de1ce354c6f4ecf438bbbec31ba4e8f7c86787806ad97a8af64776c2f7bdeeda932a66d33a4fc98fb3d81d8c8d73d85adfa6cbb7bde28689a14b55512f35151d4cbbd330e80798f7e15072757ffeb7543dfcf31cee993995cdedfdf23cb23cb36ef393b2098a80de0f438b9fb9137404747be4331cb319b1cf8cde38b11906e9a29e9e6f2dcc6385a4930e8cf93052c106f151531538ef4d533cfe3d613b9e47964720095c8647209ab0d3ba41e871237ad2349d1ef90e5c486b678b73a1a8826f055d48a76d812e738b9dc009dc8647964500b922505ef9b561c7ef11e86a8ed564c749d10c1b745512e5ed90e68e43824b9c6eee17eb91e5914396b6aa236a967a126ef71d274538b60d29d0df4a72197b1cbdf80d501d99e33e8263b30c8e4de5a4e889bff11b286639643d19c823cd7ea740d4de687fbe82b8da8a6439693cb3298cd981b1ab59c4696fa677b2f63c21cd0501bc0c3c7c4cda89dabdb381bda54c4ccaa5bb35930c867cbd21c8f857b2d8776425e135511bd3378f8b9fc668d5ed9e14cdaacbe5893766bdfa1bfefa576417b29e9fb3c1da10e0c6b0f3f69e38f8c1dd08e0e0cdee4afcb18877327033e4b7fa2deb7a772c82a2607d746d33b3b482462f6e0c6b0f3df9071f173f9110d433c2db6a2665231b246e639f1ba191f1b935733e94f2c82c305ebaf954b3b3aa9588e4345d051aa13f93c7c4cdeb4eb3cca2a95bb34b08cf1137ae9321c90f4bed9e103eecaecb1765a78e456ceeafa22e6a94daa63e3d69bd6cda0e6ee6b9a68b340ceb7ad9b2fd7d4e0e7bd3372c523dba3714111a405651f89446d2b38f29da9e53addcd4236a789ba2bbad9bd5e107f25e32700e69692d31c8e6145ab655b4469be21c63b85d0d6e54236aba1d1890b573f2f7f53857599e2d16c4ed940d6c4137c238b506d4f29439683995850bd65f4629d71439e81e8c6785f5a33c422eda91e134eb6f24d509bc319e2d76ea2990d0732b07f3e5d1881bd74a87a7f7472c2fad1a256f67512b00d5faa6aa5e9a3e2e27ba89dc03c960de39b4559bd64e9be9c23cf2c37ae668c406cd74a86af64d5447f18717173f8ad1c1c1bfbce8a9eaa743d43b2a036ae874632cb5431e9a751e49aa80fd870e2e327b908e0e0c3ed4a74547553fa93cb2a636aa84e8c6197a76bf21a4a6ac34f75fc5c60fdc84707081f8aed1562d5b37ab8fcd8f457336e8e61aca6ac379cbc5c54deb00e0e182d44dd1880b62122f7f52ee687886822e08446c92dc866326ac33cc978b881bd7cbc02a8dbb34908d18a8fcdba1ea5e8a1e11a2b59b15b2847531617e6c9c5a937ab9cf00a68b340d18c0fbd11f55ec8851f94cd18b0b5531c8ea1c9615e749c571bc8f3c089bb73c4dd38cf990fab21462d1b468c67fa0a3abf558579d2711de13c1a06ed5745a719f361f57ee8721a3191f6a22bdb484e584f9cfe24be53d0e5c0c25b7aa7bb4e33e383d59509bc319d18b0bd1af6d211e6b0aea5dc4a9dd4d2a1c0c186e99da719f1c03d5045511bd1c3a31217a1950d232c33abe256747321c0c247e293a718daedd848f5017be5871bd1334558daa4982198d186f583895dd14c87030c16a2669c641ec622bbb96f5bf2be9badeb7ababb55c2b8570ae15c2b8570ae16e575bfd9615d1e878bb1c10d787758de257f45321acac3fa1874e33d3c7aeeaeaeafc5bada2ae55cab9583b9e6396fa251b33c8dd786f583895dd14c868b857c8f25482d4908d38cf970facc21b6a4274d60b564da46586756789502f4f284de5aca6ee6b469c607d98bd59da3e1c24de92da71316ae76416cdd6c6785752fe23fc0e4396b8f7c8c1ab17e9d8b72dd9eef4c6e0eec18fd99069c5c7e4b0e6d7a0e451584f9d2711de139eed34a2f5508d7d9c479f614c8d25195fc1a2470ea2470ca55f4b857d2a35f4a6afa5357d29abe94c5f4b8d7d2e05f4ba75f4ba75f4ba75f4b817d2e05f4b817d2e05f4ca55f4ca45f4ca45f4da35fc0a253e17b52de1a3a314b7d38c79d167b255c842457584b774aee2101cd20d543fc7a87479df461316dce643f0d5b0b67a678396f565b2acb0c00518e2e2bd71432babe7838fb529f873bc59016d3658674838b8a75ced7850b525fe225169a4d032a0dd48de2e27d7bf3b0ccaa36ec51c43e226f3e4d032a416a58b8b8ac12367ed85d00ff60c9d76350853d515161d3bc8ed86e161f0f534352e9dee8bf815ebf81882187d72fa7d6a14159c931bb0c6b7fea3dd5f57ffc400281100010303040301000203010000000000010002311011200321304112224032516013617142ffda0008010201010800fea4dd127f5fe260474f4ca76891bb7ec66986a7ea591d42bcca1a8b51b7f61f569365c9ceb044926f830df6245891f5336685a8e318b642d4907ea10d4f956c05ee16a0d87d5d04f9c2c9b216a5c8bfd453e452d5d317b94ffcfd6fe8e3a70e4f8fadd18b3f29f07e919816b00f83f4b05dc2853ff957574c1da0877f40098cf194511b145017422c020b519b970f95ba65c8300c5cd3203501383b4c1dc16913f0b5a5d0dd30278ed4364ed2eda4113cccd3bee7e12019769db71c9a6cbfb1f935183f43880b9031babf1f98c7fd122c48e2d39c09529edd90bfaa05decbdbc6e85ec42bbac4a7176c57fdbfbd93ae5c4290135b072d41ec78b4e0e309d0569c23b17a3f809ae80afb109d0ca5fdae8ece0e2efc94c8196a8fc9e2640c8c1098dbeeb5251fc269166ae9c9d0c579a385c2bdd85360541bb8d5e3d78840c8c14d7582d4e93b668085fd506bb70887582f6f624c05e487e0a6c0a84052d70e1c22466575645a0da9e615ce0580a2086d936050a0e1657068111624703246728340a39b75ecd408ecbcf5e27b0d15b50c143fd016a04ffd1e064e20cd062580a6b6d9b8ec50d8542d59e0d3ef11dd4728a85abff93c0c8a9453650e5286f8ea8f5078191529d08484210e328c26a06f83f761e06c0a94fea9d0438ca7414d9445b740d4eec770081529f4e87214e83490bc4ab504723a69d0e428c1a30e011c848c5d346f5c85183469b140d7f84e9764d91899346f29ab4f583ff4726ce264d19caeadbbc353f47264e6c8e522a2060ffd64cef0741ab23e06460f9c99de0f8ab23e06460f9c99de0f8ab0d2eaf4bababd2eaeaeaeae8c9a33bc3527267783faab63977464d192707ce4c57abfaab2395d08cd020502d347ce4d3657a5d38dce172ae57915e4e5e6e5e6e5e4e5e4e5e4e5e4e5e4579395cd420bfe5cf6e37272082b9a193f2015749c82f2408448f97cc5820f6af36a3fd97fffc4002711000103030500020203010000000000000100023110112012213040413251034222506071ffda0008010301010800ff0024efcbf5ade56b7a6fe4067b8e7129acba0c0b484589a6db1ed3cc0405d016c1c3e81ed3a4a60f7130533b464a646260a649edb2317414c9edb31794d91db67b8bfc4d9edb67174a6c8fe80ee4a6c8ecb8ec6acfaab8f88f69cebd41a1a94c7787aa5e022e27169f11374700f21020f48b8092f2696e50ff00b06fcee7db61d106d0d7fdf23dde0ea35de1e226d95b8f49c8713e3269dd1b6eb6d96d7b236b8560801b8a5bf8a6c0a133930edc4ff326c84e94202fd9387b412ea7886e084242749c99e8e2749c8789c53610f9237b95e8425cad1406c57ec13a4d4c55bf2e23ee43c4e17299ea1251f55c6c811badb65eab23f208fb535f4709e0f6e81b5d6eb49561807143737464d0220ab50a1c0e83c04d01b2d8a20f9a47a48f0b8d6f412284dead81c0ec6d180a87144df3011373832381de627ce6143b60cf781d801ba308f284765352992781d383651451e41202288b54a6fc87019a0a369e9e409b29d05037a95fb0e034146d3d3ca245216a57a1e2146c53ef9021228ec0e6716c50fbca24508c440c8c1c440a3b947952306c0c9d1514147728adfcc1903274602ae9e506a6706464ea942ae9e8391ab632760d9aba7a0e46ad8c9de60d9abab62ad4b2b1c6d414760c8c9de60dab8f30a3e306464ea5e8df6ae9e56ca1428846e28d8c8856a59016c6c1690b485a42d21690b485a42d21582b056a9a7fdb04d81995614103ae20676562ac7aba4ad256977fa6ffc400401000010201060c0503030205050000000001000211203031415152031012214042617191a1b1c122325081d162e1f0132353729204336080f14393a2b2c2ffda0008010100093f02ff00652e0365698f3c931a83133fb7ee8c6d15fad980fca17edb3ff2931460450566353fe7d6693e46a31350a86e9251c59d1f01a367dbd5ea54d42c16099a6dc5e66d1bbd5bc983a37db39abd150738f54a686ef9ea70661edea9b5c715539aede9ea9aad03bcf5ef54d83962aa775803ea77b15739c56ef53bc676ac5b4f3f53adc7acfeabbeff00e80af15eff0040558aff0061ebf6e2b15f3d07a9edc5589dbc0fa9de3d7154ab9adcad560f53b4e3f79adf8ae8f52a8471d535ad8ee8f52b8646e54552fdd558f5c1f9f52d6836456b565d269917bedea5fd67a09341556328aa067c75e3ac7a818014955f9774a39c28c0007ba02a81d98ebceaba64d2dce377a7e77d4c14a30b1828598cb26068c7409660e142f0e12cb777a61000a49547f29eca2e71a5c69c79facaf6df8a8acaa0512b8e3fdc6dbadf74e06df49fdcc2582ade53a36307944b31de81911fa944051c60a8059e492d36859beb1dd1045be8a7736b51c1b2c14fb9d31d0b454bf6ddcbd088005657fdc3d91249a49d3ce536e94721d74f6b74ff0013ea6fca3b9b57a1fee36c34f1473d6d34e990384e41449349f452411410b33ea75474af3eb3acfbe2a7d1ce6d47763a479dfc87a3fb48f333a68d40ce56b1cdba457e87548aa9dda35384f0fcfa034bb72c191bf32733fa44dd90d1751b1f732ab9590e73583287b2c13387c26c32b081aedc83b8aca8332727dc456545a2233a07388d29b9e07273d68460d884ce656534ad50630597c5519a9c5434548784b63eebcad1182c133df3f54c688bf3c055b5101cef2b502728e4882add1e537518f1d16f407b669cadaaa72fa4ace61029cea5c0a244498a24f8bb04e83726b39a859a055cec893e2af7225a73671b82a720e7f6449369c55903f38ada15deead1ff00b04e68839c4f044383594857e29b921919bd61a26a82676c2af8ef8b55caccae417d5d95e57462fe3ecaf765b3a0570f4c7ac49553953939951087be2ba56d3396c3b6895f86776abe3ba1eeb615fc3dc2bbdd5a13038d19d660d7110d8ab688f04d0c069821939e103b332b9db159cd54ccaffe96c3cc2d5ab62d6194c3b55229574abbde76bd0f59d1e13b5c472401de88887d1ec56b34fcaba5bcc2a9a16c4e70f0d5bd1a953fa79b82717432611f7560e8ae76c59e342a990ecabc176c5fd4cee150fccefeafbab9dc2bbde5d54cadda1eab63c676fb7aacd47518ad871cd8b605b16b66e69f959e142fe2ecbe9eeae8573b2cacc6020a818480e2845a690a884062be3aab42bbdd5c1de5d2699551d0ea83794edf6f55b3a8c553862bcac0adee16725f00179b2210db0599c3263cd40fea08377854e443de09b924bbb2072439e6352716b8ba90b3b88ce51c9ceecfb91062f04437abc15815d12aa9758d0f59c4f39dbedeab6750845ee8e73c3362ada0abeeea841cf6f8dcb08c089764611af39aa1bd33087f37a6e6708398560c8fd224c236882c1bd3709f9ee9d925f8473f3a7b1c6221c5083450118fea073f72fcceaf85f4f7560e93b6c3b685534cf5f6f5562dbd713bc41b0c914d8ab314e301409ac23dbb2ae142f1406466b13846e9a55f1d0a100e0d2d36d2be9e93d5e835c1bce7aa21795d4a83183cadad5b8da5e767e413c37637395e2361313c02ff000f83def1f1f2b07fdacfb2cceac4c39ce879629de360ced3d91ff32add9a7ac876d06b7f413c01a69eabc6fbdaa3e538b9c6b38dc5ada85bbcd4b2322ac9a13dd832759b4ac2b4b6b76b7e7ba665e10f9634efd89d92db8da310c86daff8a539cfe4131b8476c195cdd997f87c1377a6603fb048cc6d5076482013de7aa3a0d409d11c5a762607fd43314f11ba694d0e1b53cb361ce10ca7df776b1789e68c18ef62741b7051f7d1b61d0755ad1df47fdd65869f629d075c753f759f0aef28b369462e349d1eb6e837a1c334cd2c2324eea7ae804b8da748af3683592667583cf6f48bc340a9a4f29aaf02ee60fac5d8769aa981bca0aa30f48ba27eb207399adc315f3a6f972b23de119baa227eb7ccea349ed8b580238434df3348c23b79ff0099ba9dda7ed71e933590dc5abe07eeabf36cb8a080505041aa0a0a1c14143145451442849a224c37675acd206f9bb019fa991e7f699d625dce18a8708154b4c3efa5d4c27a0c57a23df3cd56d33f5340ef3371bd31d501cb4bba073c5ae324fb4d5b0e53f6c262b550c77b4bd8715383f18efca6aa70eb3f5bddd662b7b473916f6d2eb67718a8708154b4969f699b468f6c7808c8ac03cb4bb87b63a3094ef1f69ab276e3ba4ceab0fc48badd2eebb1d2df1b7da6ae89db266ef79154072d2eeba450d790266c9dacb47399b048be7e34bb1dd2457e2e53354676bc20e8667e9ef23f91fd4e976c3948d66c387fcccdb3b789e5337e1ca47f23fa9d2ef891a8eeb33b276c2667f90f4122f93df4bbc3ac8bb1e1e299d93b5304cd649e722b81e5a5db22b55184c58276a80e4266e0f9915b07c7a0567287be798bbde76fbbe266a1091721cf4cba3a48d667798bbde76b71eb31acf68e726c3a654d0247d43a4c5def3964cd517729374fa054e87298b9de72e9e933aacea64fd5db4cadad3ca454f07b4c5cee272e3ba4cda049fabb69977ed22a81e6262e1ed3970ccd6f3247872200ed8e99544739170cc58672eccd713ce4d01f9c7b2884543102a28140a0545028140cc1464038af191582262c74e5d99b3bc9bfd8e99e50464f79353dc39cbba672e199fe36f49378f4d3359e7e24de8f79770f513971dd266a10937fb69609852aa79f99358065dcee272c3315b875957fb1d32a74797da4d6cef2eef79cb262f896c670582c17f68f8581c1f05821cfe5348f728e107bac2611615eb0cee0b0cee1f75867705857705857a7e113f09f9ec9d84fcf64fc27e7b27e13f3d93f09f9ec9f84fcf64fc27e7b2384e3f65fa9c57ea71fb20fe2b07ccfca70632c29e5c5c046c9374f5c60e20a0b60ef395e659c520ec4100804063ffa5e5de7d1e90329876cbac98cedd12ef76f48ab34abc676eb65eb3c9ede917cf5955933b637a4bbb1e39fd22f9eb2ac8f79d04b5e044d8466c4d770582c2702b0385e0b0384e0bf6d958ad55e901a5ae31a531bc4260e23e5307109ade2bf4c6d8fd96a887fb4efffc4002c10000102030605050101010000000000000100111021312041516171f0308191a1b14050c1d1e1f17080ffda0008010100013f21f4ed19e2a6a6a709c1f23178cec4f253c94ffdf2b79cfd02686ef2c1f25134fa9257f07f5321cf3f5fb2710fa06a0fbd9c8375893805e5112ee555ceee4801faa42b255f2704c5cd183f842fd8990b8a0b1422cd7203f0f79aab941a92bb7a0182484ca1e7609f4dd16895c0242171323bbf6550a4cd377e2aa4a93bfd3dde96d7313701994522695c20701342d75113e77953b0e4239733e14e7a63aa742499b1fcfbb4e79cd9aff250407c855500e062abc45d6823a2396e104c8cfdd1a8b9ce487443fa9d92444a09993c23a36bcacb21d531ee9271cf843cc19143bc78472699c82292f81ce61f3ee9bd34fe4819a362ce5c3944e0e8577017d0cbe7dd1ede48819942efc5c366514086c945fd3543fb99bea95442267863917a02602649a741e827dccdc9b9d0a82791812e1d66a286e22ab59791ee67981ee8454e3c37074a7327f168ea07b99ddce67cc034e51976e189e68804806aa6365f1ee7495dd052708acb14cd105299e855d9fdcdbeaa5375c45adf6a44c526cbd1fb9b740661dd02e987c266241a89704480a9214816453f21f2b40f503f3dce5c8f2102a75270e61c10ab0048f0a82468e7255735e627cfb99b97127782531884e01748383d92a1d7e23ba060ea56e18fb96651d8f05ca42fa910f98382de6f9b929806240e43f554197ead831f72736d664d2119c8f74da291d4a6795b30ae5ec94ceba8523ab29893f605d3dc9ca4399469148dd8d56c091b6ddabf45571283941199571600be95763ee4e0373ed3589592e9a223816232298b3be67c20c640cd2be700010e59366f95f6d38cce6be90093404ca755a9fa40d019bacb277275bfdc0090672511afb64c06411894200bdd440c890036a3f14cb9466ec43a3a0bc5067012f3e498cb97a22a184dd08bb19da5c8c9d99b2e45d7eca8d10100c44e21cf3ec7cfb7cc97b7d72636105e9bae2555c83e9109914507318a3a3779424456bc193227bc1ce90012ce10c4a260737d130631011470552423fbc90f0cf49b6ef6c289e69009ec6d7be2a648d309924e880c0fbb91195db9a7a08c055198500f1d6bbb181c9cc87f804eb48900825d5389408cf8fb3f50ea71550985fe989e7110d4547b4973dabec8795d3193405fcd4aea27b01413c4553140ee750a4a2d263b261a41379ce8a00000e0dd550000d0379921703a1113123d13033f64ebbc7e54ff00d13716ba7416026413b334190bb3e5bb921c205029ecb21926957a04f07c4b3ecb90001806e094734ec4a739c278947322eea6870249ca82f6bd4264e735e87efd88e6b1a404538b65dfb445e79970cabec99113410e148d5368e93f23726cd8f553d79bc66d3f38029afe053a04fc436c34718594f1e8ad3eca920724fbe5eb1cde353e5cf2448a9912a4a783a7e11b34e157a0e636689858a5b063ea82e3bd1f1f6645a6e493526f7c51327448fda74e9e2fc028d1e814da772f709040a213f148b77a8464ed7ddfd4dca8193a24ef8785221c4dedba74f60855a9acd4155c1366915324120c81448ceee291c7f3e988c300932aac91061401d112898729e501128461082c8caaab34273db74e9e0e9e04fb270740ac0a26f37a67e0ac392bd9e60f129c00df7eb0251528e81d0506b37166b33a0ab58709c2ed7475471338f22ea5711026133e413a74f00503de7108d62907794bd2b3d471b30011b0510d954632aa52a7d23cc4826f9af832086c9bb589a9f15f42253d4356e4af4bc24f08f36c14d827596989d724a549c0a5ed723b87ca2805732efd8a1b9fac4103e511eff84f6cd0ca8cc3ab8834f22199a64a61a490e623e93c9d0d797017860fb10344b600163b00aa676c7bc21363a438ce2e422d51722fb4620a25003260462d318727e7a5c357687e364a192703c0c9e298026c78fe414044d03f095262661b3bd51480cc0710593af19d4d58101f441ec348bc35ea5484ae8adc69c4f922338641c60e9ce02c5c5c23fb22b27b8a4af6a059044044871a9275dd48e50aa6ff000202536be0576b4980a02680c4912cd8279b0603cd0f0c1e89a0493be0ccbb65922118d0a441caa641485305ba27e907417450e9c999a999d626c099c7441109400144a68cc1f6539b0f0239c4b60b355e8403f6b9d7d483eb8a7b582673fcc851d4fa85dfe452c5c2ef4c6768c83957b829e4a80e879fc21eff0037ea7f95f2ba5f8026b77409ca2c514622a481505294e7ca5cff005e934640732cae42062e8bb110e4b3044003920fb2600483b3b98f2755ab87942ea4bc48e5e0fee5b960533451360f09ab80a8782610980832208592e1c2f1440a59b4956acbbcc2982e18fe485d67fa208cc1b44cfc94f15e1d11502058eac3f531085884060449955dd45dd6006030b88554a0154af10990384d65601f46cff1a7ec040d8286555279420d52ee1112846134f9a26039a2c8d1410e81de1f09e66c394720dea82620d24d7b05555991ef2e88b4903cb385dffd8702ac39222f98c4a519350e68f3428a71491a5ef4793c2acc09026f394741784f11217cb323850a144335775e07696f46ee3de62fc80818183b1089728510c2530c2f04e20950428635cd3b3781f9abd6921d85bdd51c1488b4eac447a265c99e254cb6b832b1b8ae9989cb5da2c7c3d804da12149a24a231e4cca8e1181e43f082ddf15d953a608ea850a23245039aa7ccfa22a982274130a7332751f9e8f6a8c08a10362e734104290dcf0a04e760b3a4f757ae630e9247b8c53a582561d4cd8a2c64812b367c82140c5afca09926dda4125df245fa1790c8a11f002d466054db4cc69c9f9aedb430128db7d5cb97d77bd985383eba357555359879ca37dbbd5caf55230104a879278a072824a8a27366a82d97707f7d1ff437228ab9046c1ba010416e581762b32c8ce9ad332281024661342fe483acc2277260e3121fb2c157f359f65743a6598d223e5461f252341b091984c4812bcb9c90bdeb057b0f20acdb0186859a6032169b8660f452f402148531431b49fa13a91694f9916ce6bb24ecb8217a28158699cc12a5760105527f6a73fd7a2cecfd9513450a208a302b083c46c4c3c54ce47c844fa83dcb10a678f33e4bd85116687517440119062580c83b04c149313d992e9403e44082cf9358ba6f83aaafd3bf207e1542f5266b77983d0bb2f0c0aa442852c8222a1f1920826e2e2e10001407f43c8339804290082a918de201513acf95dd3aa32ccab649e4cb075682a51209850911a3df075d9f606a68536dfc3d10c98ddf8ca3b291b8c07845d0232fcbca280621f9170989c2780501928192da3a12e6e258eb88276a8cf0c926a9e23aa88a2451381305208cd0411276e1daf426335753ee21080c4d10ad14ea83418b8080fd0a406913d8488eb13e0c1028952a699aa68a68032acaf82c0029743fc2be971fb2886c3afe7cd21d13f835dc9666d33cd16087493e57440e764aee7eea4e39779820aeacae7b00178cce75ac4a2200090502a0e4870779f8bf4235351e56b9d0682bd5d16192e38f9f4327fda96b2ad1b3a4a307826243ca58608c2411cfb71b75c54b53fd5142bc22fd26bc9653b85fa60a7788f6cbc260eabb953bc227d08d768f9feca564c0eced29d149200348555715656fb5e3d0efe91f7b01576e1819064509a3011d84ddd91ecbd73f995cbf4521a1e9946053a7c7849c882ab0bab1d022206010378abb11e875cbb3a40c02ac580357cec1e63b13c9090a2a8229a2851b77bdf714727da9dcf53c12823da82ab0ae11301110f3c3b3d0ff006bc26c05762688e3b77e215c8c2a27046029e8445386c6503084d1ed055acb0e9bb7a0fe29e462180548814688fc81cc2b88c24d48a98a301e8853529f547b10168231905974d02e0117cf8eedcfd5fbb20b1530c04719a98b94914268f84502301c708d11415f725e288b7494e16ca24dc76ceec5089411ae3ae5b477306b6e28e65e18d1284caa1bd0942c262ca6afe88e349f283e68359100843a81dce3b382fc12844c2f69199fe74b7ccc1e377437c8208c832287e88d8959709f820c5302310afa3931e0f3b49ca0788160299738bd43eb8faefb10f9b06023a2d3907f981889f90abaa56f82284cc91606c13187664d892397ea9627c9bcbad9cadb34c30eff00b52c36e6b64fed4bf9fd5b494b77dae5d3fa9b2eefb4d9743f60ada63e96d2fd4e3f829f6b7c29a9dc10ca3a8fb5fa42b41cddf740fc563ff2e25dd0ec4109a6b010875afc0e3bb89baad15235453bb1ad994079b9db325583eec45c1a8450cdf04640eba224e901e81864b909a9b4c5bd6feb0c3e05a127ca040a2898091d530dc27cf1db7befb211354105df2a1644bdab0c76cf2230e827190b03802d9582bd00b44f9283774e69f83d9170394014203abd07448e7c4ba8871f4276c0085a5544483100b20011d9e88ab8ae03288b72b611550aee6850e88a0b923ce20cc89c3c1dc5343a44082d1584e3c5f1d9a23ba02063e05b4202c0373fd85146806815f01e824443142b640d55d1a4432f2468195500a6a6a684d0cca39b813bf18810a803946e1cdf3422637136303eb2c77fa6057af088e288e906ae880171896ee68e4cce9bbf822b2d82a2be51dfcd1397103db8b979e47025d4fb88756b03da5ca61589f4abc20089b2e6583f5cfc3a942d3c2292cecf18e29f4dee02a2c8429086765b0d66ec5564e4ae6c223d00455ddd0fb2aad305da423c9121078dc849f91f8e29efa4c85834b05564f9b0f0cbe853e511e8ef550e8ab6b036de4f63570073028d3a74f0154603f9f0eeff003c56b7a962237c2e287b1b2554c47a2ba1fd421f59c3983d442c7f42c5f853193d80a841a43e238ba97a0fd5928c7530747eaccabb44203d0857443a61939e7b1bb9127d2cd15815572091e67db8ba6fc31f1c16b3bc6d86eff71fb22853cc07a40ae3a22898d81fb2c64698eec93490aa0ba29a0aa55239597cf8bbc239364c4ad9edd637872a1f628c07a208c0206244c5c00f7b02394020a296a98f9165428a352266ab08b678fa1638231392d493ad8339c3ca51ad83e84442090301b93102c61383941e700884155a23e838ad08ba1e02796324017410720d635a96ce6ae80f477a78d4840372625ecb1a747428c1885291e353380f7703608059daf1111e98874138b670002c0a4510110896e2a44c5c08a06a712f66e461ba462b3b463ea4157a05b52ed858d6ef57e2c444540b6d93886c7c0fdd6a11dc1107d1b233320847a678d2bfa6e01b13cdd1f9a1559aa19f57c4c9cee72a070357f4e09f9b27c81285742be8cc0d14d554272651d2c3473a4654f2b322bd1f507cac0e01b6de4a8e037b95859077348cc2ca616db8acc8a262a23adc54d63343c2ea94289e2b905b7e160703bfaa2d9a2d46ef2cce19819864f1dd0173909b03e616b4d23aa728d1d09ff8273f8a73f8a7cba16c04ff00853a0ccc7259cb34ad65aeb5d0c7596590824e280967508191793e28890e5d8fe9301978c02110b7ec2c0e06db30a8b0d0645240da93dc6c94ac57053a74e9d3c1a93b34ecd3a78c94a0d060a4a5827c4b3905092e7f03392cff001ad30af3600e3341d2502208be130a75597369e8368464c993268b14c6db709910b320f8b218f8f740493f24d1cd01e41fb3c4ceef313a03110070c2f9206db8e80d666187ca8709acb5964c99321007a407002813a60be2cb74e664f4833c20dbdd3322bb8f13171e22ed11e0c98c03263d968fe5a9f18824a5049493264de802782443867182770b7532c9adc5c827298334e20bc2a15465e201c3890ecb2c0b2301c904e0892641cf8e93b4403220119a35cb50fa44d558a872d9e113fc650578df31573da648dd83a7d2fe185fc5afe2d3f8bfb5fc32fe685ba1f4b6213fae1362136e13761376137a105f951b5f959cb005f73ad72c594fdf120a7f81d2eb83d2d78ec8173204a9aa1742b30a6ab39a1625e5d1b88a61092d0c94cb698aaba734f9102cadf08cee14f34e71282ff924d61e3d9c2107d8019f740b89009c8a273bd084573c9f8581c1db70824a44d832d6823d9c0e620ca681a93b9264c85b2470768c225909c77f297c7da0418a7cab2aae747bb581c1d930c02ce730640c13cf59bcdf7f681aa9102c004d6dc6c070582d815c2ae4a6c5175fa122a85dd821fa9fa54258dc03129f20d4e680000c0180cbda1aeded15ba71cae6c379591f2a2d89bdb4418598089d03581ff05326b2c1304c1494ac37b04f153c54f1535353b2e53b24ec9394e5394e61ffc4002b100100020102050303050101000000000001001121314110516171912081a1b1c1f0304050d1e1f170ffda0008010100013f10fda5128944ee6275653cd95cc9dc439919ed9997c92de4cb702fa33b197d197d25f24b7970cf1aef3c7fb33c33d217bd7fef1d9f872f9e311d7fef1f04fcadce55393d0ca5e61c9991ef434586531e41fcd9f5980f6da84e44eaa3161ea7e307b4155b56aaeebaacc3741d7ec42eedb8016b4563bd298f640294a7dcda556a06a9798c659a0d3fa5ee8225991d1fe637adff00e170ddda27d907db07d5d5947618df6981cf66eeef2829656c7f6622d83aeebddd61509815cbcef2ef0dc8e62797c0e1eed9f78ec6175cdf8e8c24b523569faff2e3814766e4c73492d6d8db636ce81bf36d9ec0d61d4e87fd46de6d657596b7788a3886f2cb2817a6b1f4118da2d747f46661ef6f68f9fe5acf753569a7daca03db3a4259a95aeb1afa6b9edc8efbfe852d6aaaee72658ab9fe47dd42b86be89013b8ff00296aeab1f7efabda60036efccbbb1468b52a5700a35b9afe898663f3ce637bdac744b57bb7f29d22d08760f99472d5c3585d2e5d87a7e951058d9a97d227b4503f955fca1796f7c59b3258fdceff00a69d0a897d923b5c2bebdfe3f942bdd9f00c647a4630e321d1c7e9b20d0232edb183cd7b304ca57034115fc9fb46f00463792cfa3fec2202dfc14afe9824a16bd858a68810da93f1d62fe4faff00f5c47ca58a7f506ce6f97e8870bd1d17b51a4e8a815d1aa777f93776be421a75b1f12a346b2bd844fefd752b8d93b0fac03346d8eeea576fab2ff2651bcbdf74c61df085770fbcb7d4095c18c5b45aafedf1045414d44ec8ff002772ef3157e466301a8b5f3e8a604ae0f0a5035544348402de854cc837f61983bff87f9385562a2f246506f23c83c2a1e93c31fc9c91d6f4d20bcd8f9300872f9bf9353a6f88a582ca1db39bd4216429147531eb783fa030ba19d5ed30023bb5a3daf301575bf25c3bfeaacfe4fa46c485c31823aa3d188974cef87e4f5bc0948bf7c68fac39ee5dc47c2fe26ab66aec5ca398f927f93e46f9c6c2a7709c81779331b4c766767b3eb7816de5ae5960c5bec7cca731f277d25ff92882ba35eca01a3ba5b1c8ed2e475440e9d1dae9a8c34f5b1d8cd54e5b7cc605ca7cfe5be2681b59eeb06bf920f45c7cb8745348074de08195df907c35ed2d4347aceaea7a5e040c6ae44210e851f8081b8dd02f6dfddb63e86d0ec627277dd6bfc94cbbaeec66856c700ed32f915ecc2518caafae93e1f4b1d2001c11db74f08fc00e529bb0337ed44b2415f527ad3e57f92bfbac7e654ab81fec30a03a903b92b8559ec87c436e08d9a7567648ab6d853952c4373acb8b42a9cda8d0b1aa50e5fdcb460c3e7c977668843d9e52986a5af95e83b1362a567b139cb20d4580b6b7d98af97f2081a4ed025dd056bd17deb2f55828ed18c3e1d616e37b1d19421b5ded31935bad6bb4a59eed10d2ab1e7088e21ce95d5661a3b252b64a2399ca3c5e564eadb61ae81a4138a33ea681f7f78e2b83a23450206b438e92aa37d544b869804d0853c920501cfbadabbef87f1f9afcfc7f63d58ffe2e337acc0b569356fd5ee330315041153a8b3db7962baa975a7e09969db5d30af60f8488aabb5309433a2900e1404ea9a6d9d4378b2cdd981d499ea621516f56190d8820eac12b98a88d9d576d9ab856e3ac47b4ebd6e6dfe303bdec803aace53b97eb9057c95943ab6aa5c7aa6964c9b23cd6a339aeda18773ecf10cc775b6e771cf055c349d3150d7e36098197ceec36eda26469c2612304fce7518353428e951af72d21e8827cceefbb02010a901b5d9f7fa096caaa6af78864b11c3bf71819f4b963eee24e99d9a3f27fe24227656cdf9c17032b46ecf74b6baa980000628d236e2adeb1dbf02f33ef1d147215e023e25f903ea1b283f509f58c2ddeb8c4ce251c87fa99481abe1dd0acfdd18e0c22afbd32584297cd57dc94350deb688b339742f5d89699cf53ea640a2febbe28f985a59bf2aa0f370f6c60086b3794df78534d6d4f6761d198ceb40bcf57be02a3db451d131fc284309726388d2c350791e41dc91a21d23c2e2f1748c486f1df445b40da14e553aab176c392a638aeb046320625f787c7281bb280e7c33099db12d1550e6ace57e2ea666112e075ff001f6fe0a7fd2d801d5668bba23f2bf5949a968b7eecb25b4cb8b71d368a54bda3a4d6306b1bc777682054a37951c663ca2f680b9de698dc85ca9df81c2d23c866214eeaeb4f34983d580bd3f7f0430bbd7f73495f011bc5e8fdc732944eec68eecbc47acb9de6369dfcc58c4208e8a2dda0e007b70eacce05b84084be854db48b4c7a9ef2cf623f10ad1e039c32c3264c9296974098bf2c43350f78ff006875fde1c58dccfb8e586c2ebf7cc2b1504bcf0525f59a33bfbc7a4c707834e668ccd83a43ac3fef0a861b27980bae4b0276785759ef34259a4bd77e8c58353335aae044cc76aa2f44975b1b45dfdbf75d1eb59f4e8e7f8495915bb95aaceab71728303b7674630a8f25b2f565c3237e5056692a62bd02c972a60990e9c2e560980baa82d80d74da3d75e9c109f497471d58e1ac2faf00bef2ca1bd277e6f9fa404a691d634351adad939727f714b9ca9d745f8fef66005f7ebd620bd981aeef673dc7f5048d4cac8af0332b9c3eb283589db244ca75e35663de554f39a2a5cdee6b369e31bcdeef862fd6155b69f4e1f78df6e09fec23afd61a8622b5af12f4a9bcb5832c757987fa8801a044120bae8c78fcff00ae98bd74bfb620c9068014bd8977b6cb683f0c706cda7ba4580d7c74e53bcb78029966f9a95f28eeac570529009d8e1f5886e4cd739ce3c0d6133e4ebfec032ac92fa4dfa4a988cef29297ce233a4be770174f00db307b0f97f47d6635b9ab32b70c7154089bbc4889664723fb5bab5f8ddb8a95a2a316c5964a1ae4f275196651a0f21865e7594e59cacc7ddb8bbc447f1090655588573e164c4d6f5ccc1ca62593be369837805dc8e88d8aed2e19c8c63a972c14ac6ac681674bfe8267b793f1d39a605aa155aa10b12dcfa2ce6d496c43486daead8bf722b14b30f665aad83bbfb5d93697ebfda652e5f397bc501c80f87f67d2209518629216a3b64bb95b70a0544d06d01379e637c818df857593285ddc26dc9e51192ce06751dbbe673b6c2d46a4359163be18726d3ea1bba53b360346bba4da3be90d3eb63ac7aebca688d6eac5229a246e09e5fe26bf6f859014c5c5e8c10cdc6a205a7418d40f48ad5d97a4170d292b1114835a7afd749195a301da0545f9806615e40280a602acb45f390027375fb6591ed139352d2eee2398c2d74c4a623a0e03a7bb1e6a3a8d48f4fecfdadcdcfc0a7c459c2fbc596960bd4643a900468915b504e2505e9ce1814607fcbf3985d587595a9e43b9f320a2859e5566b1e5a35df7d66d8654d5d063077330c2e32f5a3408c657c6a593dd25a98f4a9611a89631245464a472b125fbcc10a98d9462bb661552146a0688f4600d0cbe5eeaae0981ad18513f1e661f87f412afff00de154647410d2d753132795eea1ea47864abe6161a2c086e53ca02a03992d7a6b1968c5b3552165431ce3683cc374789f49391cbe59fb4ea1c13a3bfa402bdbbdf659bc74e0efa4f7941cc463b37d8e664ac1544ce72bca2debed1afccb87fac14becb3539ebe1ff00e62b5b3f9ef3583d97ce25c3c8fc9830ba7d6466ba3db6600dcdfea8c7a3397b97e619f5fea23a2a0bafadce637cf12a16be08e15003ce62bf546960d9d8bf991466ed753fdc16fcff00cc050f2599bd00e7580260e348f98f077264c35377ce6b5f33e7151d55b306ef5ec97fda571dfd914683852986986b39c292a1d4fd521c0638016e88459bda592d52f9c4b9a647da03bc5a84367908a5231fe266255d7ef89ede66f282be84636570b90190ab81d07098d9d0031d00fd6e023dc940e35d5055b09a61b0805ec5a675eff591ca0d6a52d05eee6e7df011c15dddc09751ed99f8596476fa5763df8263725eb6fdbb98ab8f3ea857b18bf137939a26eb0c1581dbdc9ab42a3ac74774c8f56505f7664d730b3bba47408823940ee64802e82fb83fb342f567dbfbcc785c9533ee6bc2e318c38a45e837f794a3dd09ecb2817bcef00f78eb91d840064402591b462a094a1a4a6d9eec54124de7de150723f987bb97c4bb062b429b0a5ac01f5d4c3574e7bbb42e06b780b89339fcd57579d4349cfe9d04a4fcb14a5f2859553a28ae9a3d650dc1f144554ca5ee042b3714e6dfab13a198336063d8f9923b37f908ce53c98a5f082e666b6a5ca2bde66dd285ca693712747ac791d0958849b6b5ddbf6733b4ed1fd13197999afeb1c3df8afee7ed1e07008265cc5ea547ff004004620615a3926926ab2a755ac7e77c240ffe0a3160e9176cbdfa089583af0cd261b5b2f7c12b1f47f338f5623275184fcb5a706f9b50bb530ebe7a1971d3a839b32cd4105e47b2b5612dcb02e86453c3517569c4e4a4f714e0f91fc5b8d0ede71c179313243a31299643acf0606d568dd3653268dd8520896b9961e4d4b31f30d874cf6feefd9ba1dc668984db85e3935fc620a66551060cc697c0489db8e9927fc6b4b364bd72f144dc1f9dc1088574e9341a2ceae008c049b6da3514d60cb7628eb6d60f38358937db0901d6ca1e0ce9ac216559591bb623792beb434366ec47bc38746a2568455d545b30184eba5829e8c3b253fc16a263d79e3b1f95214e9f7f1c88621a262b972bfd7c1b222b2b73608a4fd6aceb028a93aca55a2d765f65fb34e4fdd84f89d8c33cd3443185270d5dec688ea3c7d652ae2aeb4ed76e4a5699482a61e405b5a3c330da8fcd185e470c006b3cb7e6f60960bd10029f6b31ab5b935b5966ecd639f9b10a3f42da8059a0d9312fc72dcae30a8e71fb2cd7bff9e934efcbabf2aa6bdd8c86cd4b8cbc9c68c5ae077639abd3353912d0e47b6ef940ea1f0e50bff362ef4e774d98b51523ccb20e2d985b72cfb8b7074199402cc4d63173548a2a1dc992e86a742feca3bdaa17a8ea0c58d1145ea889eb0830d78155efd2301447bb0731cbd523da27b0861d3c137d614f987ac46a1dfa163731d23351dc825fd6572cd43b10b02b32e3b112efef079b7d786259b8428de2f9c4ca03365f722bdc8396bf076c5b830e0d580d5e57bc20b51f8725077ad20e7c2cad4d47cc169be90d22cfb4bb2095b40b6982397b2611d12f88da80bbc53349d05e8827ec7ab8fbce980b8f1687048bce3f5b81b6140e73295b6d7dc2c63de7fad072da1c90b995e5adbbb0df43175124365846ad63b99b0ed69e4d3dc657f361fb0ba339ad2d3763f341a8fe8c32658d36ae76fa846ba0dd4b1739301e908a1bcaf548f34836f2def107b94f5f6de19754085dac60b564b577d9923a2e58d67db456e58cc8f7e0793a4c498da28e5367686a1cc5d42cf117e664ab41fe5d3f629bf9bedf7261a715dfea6aefc047a9da683bc611cb68e301629ad928ee96865bcb37496bfe01f07426c001196044e5f6037ee5b03e6f58280182d796b79dcd78c0489cb66f9a19605cad07e7b4bd60de6915e7766bb889e8a30ee4fada23cd16fbac0a8a09724e98a97fb67a7e0b9a0e38d4f264271b351f14ebaad7b97e061d5785a2b29b6d13368c8c0bd8d808985624ad75412101dc7b2f1067d6975353ad428ac69187e932ce53489be5100da59ed16b2fbfa821fb1f2297ee33b461169c0b4de3929f68a53b3159ae888a478a0a954ab0a4d9dcde20c1a455832eec5cc33ace6ddd96e80c0e8928b74ebeec3182cf5f8b9cd997694eadcaea4cde5d3f9f64afccb5012f8244adcc6e7d757758c86d9b47b35ee801a007063c0416e6520a4f3cc7f199fbce0b1ef18a806a525aeef0d5c91666b36482f228fb8dfb17ff005b14cd2375097d08a5c98380ef14c7a3163aef58986b307908e1b458af31d7889459a89946a3cc4843c1c5f83cf2180f424fc7b9c3e79c1a68b156fce6554f33c5ee70da3c1d23f3153db4944772b80d17519736a13980e8d65b2d71e5039cbce7217fb095fb1ecefec01f1269f4e0de3c93e246e3acbe91dc56f780bdb0bc66419ee05c50d975962e0b0b8db9bd43812e0c741b0361a8f31830d8117028155c116f8748f065cda1a8b3f799aea1fb446f2e72b15c161d08c0aeb01d206ecdf3783c157b44ebcfeeff0060a02ba1966ffb6dd150d239ccd176e0b986e7075881666be2ece698ea8e404d587a01af5629ab0d18cbcc20fa0ed2de21b44a8f67862764070cada50ed7332fed1f53801af422743482ac1020b5378417da3d1a3394163b8fec4d728a1ce1a703af073bcce14da6bc60dcfee1e647711c26a7757f688829c4e4368c10d254c70cccf4e1706e1aef33e3833784c8e91d655aa57935a1df33ec1063c7786582b245cb0d26f2d039b150200c0b03d9b85a6803b25febf527e3e1404da2623acd5323d197312c337700405b467d8cbf36f94afa45981a1bb88b634c08ad9bcc5c043da5f026783c71335348d719d84b708c0f2577332ec1e69b4a4c432e8fa4e915d203b421653153661ee54ebd7c03f5df97719d27074e21be923c34768faa14fd23e21e04028ec4433560abe5c1df841a09408f78b0a81c099e013e92cb989799984cdc6f83e10d359a9ab833dca7b349e1b41e253b9fd647c25902b463c0cb3082f02c89b4cc194fd5f12ff5db6bf83e8c1984ab3e6bfb99d1e048583bbc3f1c27d1bcbcbe79969aad4a01da2749ae8d3e515bfd4de075385c62e592cf1ac139c39c446c90497da155b7071cf8e8c2759aaa6f3ba42e2d5fb95f695ebe780ab1ed315557b90e0cb2821d096ef094c69d48a86bb5cbf76dedfbd5fafd6fe1381f9b8e9c0692ed9b54e9095ee9b746e1fd0f35953b34ee211e40bf78e044c974881b040808259856b9e304c50fc4f272cb47623e7f6235a55e4aafc5129d8bbabef39851a1a3fb3519dfc4a13903b07f78c2ff005cc9d3d90a3fd1397db44537a7764ac57d67d91a37eea3f49ea0e897d2e236f7afea8342e79ffb405cc3110957c8dfd26f160c05e5b19afbf712ac07a049dfdab02f7298918ce481e004c7596948daaeb29d978f5fd737faa791ab09b31d61342608dc522a19cedf7f33f07850e9174773aac9d4851e41b35ba0a93bf0642d3477844745b5d19629c34d0e52ead7b701c2b1a70b99e912f5946f02b4e1df876999a9b33a16337506b4a00967f933f41d870598afb78537a7af696f8c442999a61ae7039c2a236d7686199cc84eac93a37dd04fd7fe1163c313db88549728722d1d39cedf78238f4f91f668e63677661bb5ed1fdbf497bb1bc1039c152fb4b74be3b70de0e772bbf0c4d2102a69b8387dc60a8f4899e167687bdd70d3bcdeff0062f79e81ba62531c815962d6650b61874f32aa3392bf833bbfaf69e5f068a786ae03de61d6afa4b47a83ee84ff0085881c52f7c7c08e69dabfbc0a16c2ceae66e135580098979e175c312f6f038626dc2defd22ce8f58d40d7d23c98d588b24abf26785932ecf0fc4acae8ac83f12e6c88a830162ba11186464c55aac6771c3b0fd7b05bafecd50e7ce5aab3c35c21a4c3b844ff00790bd156e67cb829516f05c99cd840eaeb0633acbe172e10ae5038fbcc1c0d40ca4d33c99b74a4afb84bf68eb094edd1f1c139ac979b99e198c9eff2dbb24addc0a987208834858728ab177016ac843a94d0f87eb61715da0b9b88a57773e856fb4204d5d9397fe8be0e47c9c8e4778e4f45fda3d59b073ccd5c3da57a1385f026388b94ee9ef1084def8e91f565d4406129ef3f9e2544a33a664db4e1477895ca3ef05aea95171deac4d81b91ff004c20feaf6bf774081070237030da6269e6c93fdee97a227a328a3d6dec660df59a3da6b44dd7da09dfdb83e8ed2b812fbcde76e2626907cf4c32731af18962fa61886dedebf2ccbbe6879982073234691eaf88f2440b9ba4669bd54ea00fd58583afcf2e8d4217c2dc0554f952ce44fcfa3d381fb471e4b08143dcef0ba537c1036a94097c1b99e3e26781ae27e3c0d782f0688eaadabc26b5e8a0f79a9dde0bdff4414d03bb167c225722539c526117de5ae0859cd2a2d537ccbbf21e0bfaa031afc463491c308cce0d66b326f2461be4fe77a3d2cf2f818ef67b11f974ef31ec63831348be8b6676e3a32ee7da357c3cc23b6b0392b665b6777ed09d850d61f567f3fa1c3b76ecbc798008bd6c8da2c6e51d18eb1ee42beff6ff00d5b9f02f139a1332d08c60b8e7b531f53e1f455bf39c71e5f8cdd7960ef2a8206e6de8cf0fc78efc35f467a10b8e4308b57d83dcd7e202e68013b4b673f42f7dbfdfff005e3ac61216312a3dee6ba135f59460f26bda5fceff003fab53fe4f8927b4209c43486e3b92aff2c6fa2503721085393306435acbdd98383bf1f1c0a26221c1a9be25671c19733c18dd2f3f598ac1759fecf725d8f4fb6a4637fdb24f473f8c7b6fd44e441b4368872f98a7397d6562941e5bcd50b9b3cd7fab67fa799f6e908704d48c2e6892cfcef8f474e67e6f2a0f43287c0c082f573c07ccbe274e070de6f33c2bbcf136e18be18768d6660e0b9a81a3a3e4e0ff0084d7a00d41ee7a0902198a8f056bb4cbf5300729a889a1ca722762afead76f3f9e0c76832f189dd1c4358e860377f3c5e87eb3e688b06c7f91170d1163a4c4d3813bcc5335f69dbd4c162de0358eb1f9324a6554ff008d307d001d85744467cafb89f6c6144b218fea7f64b29332eb2eea27cfeafa56b7b70b3708b334623c287114d95dc7a147b3e7e5827759e070c387e10af476cc61e8dba9c35c44a6b329716a21edb44d89a92e06d866c79373ac4bc83e8a28aedc39e1b0a246c35de768c2e2b77ccd57382fc4b7f02bf55bf8557a28e27074118f5e0514d503e93e16040f429de78bbc9a0381dd9a47d159953bf1de5c7854f131c12a08a6b13379c4410753112919ff006a44f40f20df7941441ad27517a41b3784b76e53912ca8b074fea93fdfd4e198309b4785002daf649f4ac5c9a58c131c17b712fd64707a3a4a9da6d0d7a90c4ff825ac36806cd5113acde3cd76f4411eafc0e642b5598a88da17a309acb98ae6cf38fd3fa9ff0009a165cf30f25789a70229c145b24f4cfc4f2c6ee171be7c499ff6554d78ec7163af0f68f12f659ed11e64d8749a2c9de000b8a25c569cdbe3d0eec3e4a91bcb6a94738045379a8e51bb596605cfe8fd4ffe1e4934ab810e1ab11d785fc614edf69f49473bf3a2af26dc0bc098f51e9fca9a13e78109b6b75ac0f3c44823438a9a29b5fa5a54abff009f94e972d21d662182dcc08545d6b15ae8d40a79fc7fa8af27f4b6b8398c71a4a7d3afe2ef87f6584d428c9abe1d52e1e834e15e86ea5518d66cf122565df847313a75885a206a6baeb3a23f3fe8750c1cb5b4cc1a0e2135616625353b693572b67fdcf47bbbbfa17fe8f964d1e275d7891d206feef07a7198f516ea11822dcd62069c0381aa69cd9bef7c59abd2332b0224aa98a94d52ecfe8a8a8ef11bb2ae3c3d221949e7f0fa37275f86e2a8ed061146903ab8e0a13b261d5f47ddddfd0c6068c21c2a010e02b3fdf3f4ac4b94556a7b0e7589b9213c3126a3f0d9805b1bc92ceaddbfb4332fb44eaf3a0f9beefea3b7e44377ccfea7e75fd41561796539123b87cda9cd2ad95fd4791ed4ff005395e067e623ff002c5b7f0650d3ef1683feecc9a91e5966036bf68c0f20d30c600a86a2bacb0f61f43feb08462d3aa459b2756d605986fa4de14f5b96bf4abbbbbfa1f3300520408030b449a2e38a315dfccf4eec1df10484107342356165b9b05adb12cde001ce5d65d75782d8b88bc932cd012894e531c88f2089c8411a08ec479929de2baa816871bc5fd44d9418f4e97d0aed0a9a3a8c2e3634cbb35a9ad77082fa0ff01e837eefe82740906970d274495434513c274293b977a6f56cfc305e57970aa105ca86810e654aad654f698e91e72b82b82e62f3e0df0ef2a764c388fb9f8d3d5bc995ef888d98e3fb837881a08689737fb9e807e87476c9519425753812e04c25ac6df301d5c43c20f1c7a5773b9e78a489701e50255c2e5c0829528afa4a95344a251108918a4d512c04a8b9cd82740b6868b63ee7e64f4d61348d8f25d1885d7ccc590ed16ea3ba2f1e03979179fd401cd3cb321aa72d2198ec95c1d884dddf950f55269a95ed89b501e625f3e25f3415bfa44b769512512a21312a24a37944a254c74844222341a89695148d6cc1defd9bef7d21e5b7c1c0b6128a6290ac95f99011c9391a9982f933f3fa963504a5d0b45b0416d6b24d2c6b129a9a6e41a5dc45651519a9499759458a5dd1d97aa3f44059f33e60dfd60f6f779be8818ebe7d9fd2741fcfb5223f33ef3fdbecbb70ddbf7f8b4189bb3cdf9e6e3ccdcf24b9308edf924ed7925ce95ff7a46ef9a5f6df3e91d19ffe3a35aee6416afba17c9a6a79a8c1740155fa7e7405ac460d738252128dcadbccc2d6c4c173d53eec695c9e987d532bc93fa8b86c57868553d98249d3b9884eb25207959dc858c4961f131f798727bf007dd847386f7b7f0f41aded1d34ec697a30c6875acc0db23a9519d563c8b10d6563af9e7a3a3ddfd23c4b1b4e5164b7151094826f3c77f0e35b467ee54403c8ee24630409d236269797a1d1eefe8e5d3941be44a9419617410c1369728d2fb1f7bf88e9fea60ecd4a2b58398a183641d67cdfd1d1eefe8e5d29ac43819b8f4112b4863980af4ccaf5480f56fe234397faa944a6c898b96af489df81d713e57eef468fd14a7f96c36bca20955409e444efb8cfa13e119a5ba7e5f38cfbfbd3eb0ae745027b9dcef5074086d00501d8fe22c92ed2c752252d2bd824b13db9fcfe527dd9376c8d5a7e229ba946a8167d1a3f4a8fe60c1ffa453af9653af9651d78d13a04e993a04ae42572128e5c69d7cb28ebe7f7e9ff002972b95f3cbe697cd0be16df07a53f11fecfc47fb3b7f9ef3b73b7f9ef3b5c3fffc4002a11000102040405040300000000000000000100512021314010304160115081c1d11270a1f0617191ffda0008010201093f00da4787e1040298f9bd99824ba8efe6efa45f473c6ed13f3d6e42dec154e34c6831a6bfbb690cc91b499cff00e585334c5319b4d05af517845b9a9469e5146a245128d461464784bb265d6d993a689d50dce89a1d0278b4c74362f88a2082154ea9e9f9e09fc46d62f8cd0e10494e77470abe07a5c3c72cd6d84fb09b723ec2fb2f611b68928a28a28a28a28944f297e407737fffc40024110001010606030000000000000000000001211031405051600020304180d17081f0ffda0008010301093f00b495a8635d97d75d487e3c2274ad611047bee80c180c166ee218b6ba159c088a675d5af9a29c1d181660b9bfffd9
11	4	2	58.85	{"XS":14,"S":9,"M":123,"L":12}	\\xffd8ffe000104a46494600010100000100010000ffdb0084000a0708151515181515151918181a181c1a1a1c1a1c1c1a1a1e1a1c1a1c1a1c1c1c191c212e251c1e2b2118182738262b2f313535351a243b403b343f2e343531010c0c0c100f101c12121a31252421313434363434313134343134313631343431343434343f34343434343434343434343134343431343434343f313431343434ffc000110800e000e003012200021101031101ffc4001c0001000105010100000000000000000000000401020305060708ffc4004710000201020304060509070107050000000102000311041221053141510622617181911332a1b1c1074252627292a2b2d21423536382d1f0c216177393a3e1f11524333443ffc4001801010101010100000000000000000000000001020304ffc40020110101000300020105000000000000000000010211310321131222415161ffda000c03010002110311003f00f6688880888808888088880891f138a5a6b99d828edf80de6737b436eb3dd69dd17e97ce3fa44c659cc7a36f8fdb54e992b7ccc380e1de784e0766fca5d70ec988a14f4765b239465b1f56ce3ae4023516bdc1e3360ca0e9bbb668f6a6c85725833a3f356201fb4baab6e1a953b80e139cf2eefb6b4ee709d34c33819b3a1faca4fb56f362bb7f0c77574f136f7cf12c6f476b00053aea96b7aa81398d5932a9dff4780919e86282ab057706daa56516bdac0aba5f5046a09dfe13a4bbe547bb3edfc28df5d3cefee90eb74bf08bb9cb7d953f1b4f09ab8eae8ef76550b96f4cd4a6d51b3add72b2a90781361a5c093b0d47115b7a1416f59ea31e7f3502df86fd348b6ced83d0f6c7ca4fa3b7a2a17d77bb65bf60b0dfe73acd87d21a5894461746750c15b43a8bdbbfb278fec6e8b64bb3d777befb754b696d1f5603b984ead137721bbfeddd317c9afeae9e9d138fd9fd2174b2d405979fce1fabc675184c5a545cc8c18766f1de3789bc73997194889589b14895881489588148958808888088880898d9c00493603793ba6971bb7d45c5319beb1dde037999cb298f46e6ad55505988503893613438ee90fcda22ff00588d3c071f19a4af886a86eec5883c770ee0341314e39796de3522facece733b163ccff9a094940d04ce2ab58cc2edcf5f7f84c95263612884cab7d18771d0ff0063308c0a5c3067522d6c8ee00b0b0b2825479493529cc39259959c105b6061fd27a52859fabd624fcd161a28006800d394daaa7701dc07bf591f276cc94e9c5b6f448503bffcf6ccc0f398544bf3482fb4a5376560c8c558711a7876894cd285fb606f305d2875b0aa9987d25d1bc5771f64e8b03b4e956f51c13cb730fe93acf3f2658ca343e22dbe74c7cb67534f5089c1ecfe9055a472b3675d3473723b9b7f9de75db37692565ba9d46f0778fee3b676c73952c4f8889b4222202222025a4db532b343d28da19105307ad52fe083d63e3703c4c96ea6c69b6ced8351aca4840741cfeb19aafda2f22e26b94371ad85fc06ff0067ba5310e2e08d430b89e4cadb775b4a4af66d78fc351f199f389a5ad53ab71bd4dfca664c54686d734669129d5bf19983c832132c68cd2d6681634c4c25e4cc6cd0004ca04c19ed2a1af0335e01962c1681716942f30b3cc4f520656a9db2df4d21d4ad22d5c4687cbce5d0966b5ee799bff6f601363b07699a5554dfbc731c44d0fa4ea963b869de4ee95a757210dcee4784b11eda8c08046a08b8ee3324d0f463688a8ad4efd6a797eeb0ba9f30c3c26f67aa5dcdb2ac444a11110284cf30da7b4bd3e22a383d50b953ec83bfc4dcf8cec7a5f8ff004587201eb3f50777ce3e5a78cf39a1b9edc80f6ce3e4cbf0b1931ee73789f7c8b81ad991e9fcea66ebccd33a8f2d4784978b1990b0de083e045e6a6bb1a6cb5d093974616d32f11394548f4bbe569b70987141481510f55b80e178a66e05a51369e22da033ade8d61e8d7564756ce3ad98123aba0b6fe7cc4e630b860a2fc674fd0cd2b3fd83f99631d6c673b169b320a758e570e54b0bdca10080343c4fdd91df613d9caba304241de0e8a18eebf3b784c1b131ac6bd0566baa3385161a6706faef3a99b0da03261f187e957b781287dc4cd6b1b37a109fa3d89b5c2ab5c5f461feab4809b1f10c030a4c54eeb15fef37b57681a386c254173622ea1ad9864616275bf03e122e1f6838c056a8accacb5465d75552e9d51d9d63e72fd389b69a9e02b33320a6d996d716d45e595a83536caeb9586f06dc7513aec4552bb4a9a8360f44e61cf2fa422fe5395db1559abd5cc49b3b017e40900775a672c648454619f27a5cbd4072e6b8dfcad7bc9fb3b6055ac81c15553b89249d0db701d864ea542fb31b99bbfdda97f72cc74f12530586aa066c954922f6e3506a786f1e72cc64efe8d9b3fa388c0354aa6e416c8b606ca4a937d49171c84d3749b0d491a9fa11646a4ae3537398b589cdaeeb4dcf47768356aae18016a2e05beb38637b9ed9c656c5335b3b1395428beb651b80e422ebe9f5046a8f6f09054962a06f66d3fcf199b1b545b43be465c50a777e2a8728facc6c3dd2412b14d9aa25143a2684f373bfc84a3d40ee72faa0845ee06d7f7cd7606be452f7bbb5d57ed37aede03da7b26c30146c5077b1ee0348e0e9f616d4f438da6c4f51d169bf8e8a7c1b2f85e7aacf08aad98dfb48f699ec1d18da5fb46191c9eb0195fedae84f8e87c674f1dfc256e2222754522566a7a45b4861e833decc7aabf68eef2173e125ba8389e966d0f4b5c807aa9d55f0de7cefe169a8a1c7c26053c4ccb4f8cf2dbbbb69930d542b156ddb8f77033057c2ba35d14b2b7d12351f08aa06717dc458cb3f6a7a3d53aa703ca0699ea0c3d434598e4705901debcd4f036f77749bb3ea78ff00e660dbbb0eae2151a99dcd995b7924e996dc4de42d8b88ccaa471135d88eb6954bce8ba1a3f7edff000cfe659c6507237ceafa118a0710c3f967f324633dc55989c461d71348e1c10aac99af9b539f5f58df75a6eba6032507faf594fe017f6a4e331341d50d4ca42676456d35652d7b0dfa6533aae9ce24351a246e67cdf809ff0054d4e545f5f1e94b01419e9ad4cc3200d6d0956eb0b83ae922747f134e9e02abd65ce8b50665b037be40343a6f20f84cab85f4b86c0a321653506702fa265a9a92370ddaf6cc588c230c0e31510e5f4ec507d4474b917e03237dd335efbfc13712c7ff0054a57370691b70b0c9534edd413e3397daeffbfabff11ff319d5d7c339da187a816e82835cdc6960e3dee9f7a6a36d6ce6f41589a5fbc7c59086d7628c6e2c46b977fb64ca5b28e8288ffdb250e2d8466b76d97e2c673bd17c62307c2d4f52a8eaf63db8769b023b54739d4a639062461b275850cc1f4f5730529bbb01df3cff0063e15c1a35b4c9fb4a53dfd6cc1870e5a196cd59a1bbe8c506a78aa88fbd51c1edd575ee3a1f19c915045c99d92e280da58a3c128e63ff002e9cf3ead5ae3499b3534ac38a704e9b84d4e2d1aa54545be50a19adbcea72a8eddfaf0939cc898750f5981dc2d7d6d7b01bfdb2446cf0f83cbd7abd40059578db90126d07b2bd522d65b28efdc2614417bf01a01c3c04cb8df994b975dfbcfaa24530eb650394ed7e4f71d96a3d1274719947d65dfe63f289c75293f665629551d4ea185bbe25d5d8f6689870f583aab0dcc01f399a7a595273fd28d84d8a54cb532142c4022ead9801a91a8b58eb63bcce86524b37343c9b686c8af43d74235f5c7593bee377b0c86956c2c45ffcff0039cf6422f341b4ba2987ab7214d363c5341e2bbbcac672cbc5fa5dbceaa588d0ea359738cebbafa6b37b8fe84e217ff8d92a0fb8de474fc534989d9389a7ebd1716e214b0fbc2e273b8d8aa74430acf8da482f9519aa38ec4072fe329359d20d9ffb2e3eb5302c8cde953ec54eb1b7607cebfd33b3f934c1317af5dc1b7569a12083a5d9f7ef1ea0f0330fcac603ff00af8903d566a4fdcc33a5fb8ab0feb9d663f6a39aaed6127743ebe4c4d2fe6175f008d6f68134d8a7d6c24bd9fb51f0f56e814b6429d6d402c43136e7a4c4f560e9ba4b856a38570e46b8a7a94f5d723863bbbd8f9cd463b6b7a7c351a794834d2c5891d63942e83b87b66b76b625ea105dcbb1d493ee0068076099f0aa9d5150b0427ac5002d6ecbe92e596f836d57a5b89b00ae89616eaa03f9ef2353c7631d0a2354646ce4854b839c966f5578966f39d86cdc1e18d32d82f445c0d19c17607eb03d65f7764d3ed7c1d544f498ba956b937ea53bad35b7177b580ee51f196e375bd8d1d3da3894207a5752ab94024dd46872d8ee1a0d3b0457dbb89eafef98e560cb70a6c4022fa8d77994c16ceab8963e86900a3424121077b31249ecdfd93638cd8742801fb4e27aff004292ddbcdb778813326430603a5f5c542cea8e4a051a64d012dc34bebcb8092365edfc23654acad44ae21ab25b5a618b3100951c2f6d401c6687175b0e1ba949c5b7335417f150961e72063d01eb73d6599583adc7621726d0c4a10c2a14a48472d158f7598794e3aa2e97126e036815a4e8d734d9973a8de403716371637503b89919751d9c22dd8d5625ec663c2e1de9622b53a832ba3b230df6b1e0788b106fc8cdcf45f03fb46d1c3d3b5d55bd23fd9a6338bf61608bfd537df2a5b3051c553c4a8ead65c8e47f110756fdac96ff00966593edd8d25260a0bb6e5fc4dc04b28a36acdeb31b9bc8ff00b466cba580dc3b79f6cdf603a338cc458ad22aa7e7d4ea0f23d623b8199d2b5c8c09b0b93d924396b8541763b828b927b00df3b6d91f27e8bad7a858fd14baaf7163d63e19675b81d9d4a88b52a6a9cec353dedbcf8cb3c76f53681d175aa2801510a7101b7ebbee386b7f39bb8959da4d4d211112844440444404e6fa7984f4981aa38ae4a9f71d5dbf0861e33a491768e1fd252a94fe9a327de523e325e0f0bc290d773bae4f80d4cbf66a9772e79c8546a7ee56dbd801e7a9f84dc524c94fc3db3cf5a607ebb9326541a09170abaf79926b1d640a4ec873212ac37152411e22747b33a67512cb5d7d20fa4b65703bb737b2735796196656711d9edae9626455c29b1606ed972e41c8023d63cc6ef7714c49249b924dc93a927b4f132e5328c62e56f447ae25c7541e52b50692ca1d6565ecb8f09044c38d5d3983ecd47ba66a6fd5bf648aec55c371065f54d8301b810c3b984d2bb2f923c0e6af8ac491a2e5a287b4f5dfd9e8a7a16dad9147154fd1575ccb995b4254865370411a8e23b899a8f93bd9de87034efeb54cd55bfacdd7c9320f09d44ed27a65acd9db0f0d42de8a8a291c6d76fbed763e736911341111011110111101111011110111103e7e6a416b641b919bf31b7b2d2762dfaaa39eb22819b1353edb8fc444938b377b0e1a4f35eab360d78ca39d666a62cb23bef99509832c6970815bcb19a0996ca2adba60c3bd9e49b5c482fa184598fa7627b0c89897252e37e52be5623dede53678f5b8571b88b1ef123ec0a59f134e91f9d5107e200fb0b4d41ef780c3fa3a74d3e822afdd503e124c44f42111101111011110111101111011110111103c1f029fbeaedcaab8fc6d2f4199e64a6329ae79e22b7b1c89760e9f1e73cb7ad24d5d05a446325573ac886416932a251a5d02d32d32e96c0be9b7091716b632421b194c625c5e516e1fae85788d47b8c83b29cd3c7618ff003e9f91a8a3e324ecea967ca771d3cf491f1a996b507e5592fe15166a751f42c444f42111101111011110111101111011110111103c4311a171cebd63ff0051a66a2d73d80489893d723ebb9fbcec47b0c994e9e55bf133cb5a5950cc369909963eb20b2daca9940254c0b65b2ebcb4c0a4cce2e9dd3034cf856e078e928d5b9cad7ed976d76d11f87a446f3617f68333e330a751c44d7e32a5f0d557e726571dc1d6f3511f464444f42111101111011110111101111011110111103c4f67e1f3bbd53eae7654edb1b5e48c5b6b69270a812928e0aa0779e3ed902f7379e5696da58eda4c96989cc88b560c289522156196b4bccb5a0590ad63168944da8b99438de37cd2ed8c3754b2e8aeac87b0916f8de6cb0d5b21d771d0899de9ab2ba1d558791e0444ba1ed149ae01e601f313248bb39af4a99e74d0f9a892a7a99222202222022220222202222022220261c4365566e4a4f903334d76dfa9970f58ff002d8798b7c64bc1e5989c45955779b5fba605aa2d250516bf13ee123353e204f2b4a336923b6b2f61ce5a04a2e12a6224161969971969818cc1952258c650bccd41f5009ddee91f3f0996925fbf8787081ed1b11af87a27f969f94093a6a3a28f9b0944fd5b79123e136f3d338cab111284444044440444404444044440a4d2f4bdad84a9db9479bacdd4e77a70f6c35b9ba8f2bb7fa6672e51c03916b93a0912a6298eedd32d537960b729e6691ecc4dccc8125ecd2dbc04188818ccb4cbccb1a058d2d2b2f3319328b190cb15acdbf7f0ed99734c79b5947aff00421af83a5d85c7fd469bf9ce740daf834ec67fcc4fc67473bce46558889a0888808888088880888808888149c7fca2e27251a42d7cd53dc8dfde76322e33054ea802a22b806e03006c775c5e4b37343c70e257e83798f840743cc7819ea757a2f846df4147d92cbf948915fa17833ffe6c3b9dfe2671f8eaede6a427d23e47fb45d799f233d17fd86c27271fd67e225a7a0986fa5547738fd31f1d36f3d0579fb0ca82bce77c7a0787e152b7de4fd11fec1d0fe2d5f34fd11f1e43cf8b2f398d9979fbe7a11e8050fe2d5f34fd129feef70ffc5ade69fa24f8f236f3b661fe032c2cbcfd867a31f93bc3ff0016bfde4fd1319f939a1fc7adf83f44bf4536f3a7aa837dfc8c8c71680e884f891f09e9bfeedf0fc6b56fc1fa265a5f2718206e4d56ef603f2a896614da47c9c56cf83072e5b54716bdf91f8ceae42d9d80a74298a7490220dc05cefde493a93da64c9d64d4456222508888088881ffd9
\.


--
-- Name: couleur_id_seq; Type: SEQUENCE SET; Schema: public; Owner: royer
--

SELECT pg_catalog.setval('public.couleur_id_seq', 6, true);


--
-- Name: marque_id_seq; Type: SEQUENCE SET; Schema: public; Owner: royer
--

SELECT pg_catalog.setval('public.marque_id_seq', 8, true);


--
-- Name: produit_id_seq; Type: SEQUENCE SET; Schema: public; Owner: royer
--

SELECT pg_catalog.setval('public.produit_id_seq', 1, false);


--
-- Name: type_id_seq; Type: SEQUENCE SET; Schema: public; Owner: royer
--

SELECT pg_catalog.setval('public.type_id_seq', 4, true);


--
-- Name: variant_id_seq; Type: SEQUENCE SET; Schema: public; Owner: royer
--

SELECT pg_catalog.setval('public.variant_id_seq', 16, true);


--
-- Name: couleur couleur_pkey; Type: CONSTRAINT; Schema: public; Owner: royer
--

ALTER TABLE ONLY public.couleur
    ADD CONSTRAINT couleur_pkey PRIMARY KEY (id);


--
-- Name: doctrine_migration_versions doctrine_migration_versions_pkey; Type: CONSTRAINT; Schema: public; Owner: royer
--

ALTER TABLE ONLY public.doctrine_migration_versions
    ADD CONSTRAINT doctrine_migration_versions_pkey PRIMARY KEY (version);


--
-- Name: marque marque_pkey; Type: CONSTRAINT; Schema: public; Owner: royer
--

ALTER TABLE ONLY public.marque
    ADD CONSTRAINT marque_pkey PRIMARY KEY (id);


--
-- Name: produit produit_pkey; Type: CONSTRAINT; Schema: public; Owner: royer
--

ALTER TABLE ONLY public.produit
    ADD CONSTRAINT produit_pkey PRIMARY KEY (id);


--
-- Name: type type_pkey; Type: CONSTRAINT; Schema: public; Owner: royer
--

ALTER TABLE ONLY public.type
    ADD CONSTRAINT type_pkey PRIMARY KEY (id);


--
-- Name: variant variant_pkey; Type: CONSTRAINT; Schema: public; Owner: royer
--

ALTER TABLE ONLY public.variant
    ADD CONSTRAINT variant_pkey PRIMARY KEY (id);


--
-- Name: idx_29a5ec274827b9b2; Type: INDEX; Schema: public; Owner: royer
--

CREATE INDEX idx_29a5ec274827b9b2 ON public.produit USING btree (marque_id);


--
-- Name: idx_29a5ec27c54c8c93; Type: INDEX; Schema: public; Owner: royer
--

CREATE INDEX idx_29a5ec27c54c8c93 ON public.produit USING btree (type_id);


--
-- Name: idx_f143bfadc31ba576; Type: INDEX; Schema: public; Owner: royer
--

CREATE INDEX idx_f143bfadc31ba576 ON public.variant USING btree (couleur_id);


--
-- Name: idx_f143bfadf347efb; Type: INDEX; Schema: public; Owner: royer
--

CREATE INDEX idx_f143bfadf347efb ON public.variant USING btree (produit_id);


--
-- Name: produit fk_29a5ec274827b9b2; Type: FK CONSTRAINT; Schema: public; Owner: royer
--

ALTER TABLE ONLY public.produit
    ADD CONSTRAINT fk_29a5ec274827b9b2 FOREIGN KEY (marque_id) REFERENCES public.marque(id);


--
-- Name: produit fk_29a5ec27c54c8c93; Type: FK CONSTRAINT; Schema: public; Owner: royer
--

ALTER TABLE ONLY public.produit
    ADD CONSTRAINT fk_29a5ec27c54c8c93 FOREIGN KEY (type_id) REFERENCES public.type(id);


--
-- Name: variant fk_f143bfadc31ba576; Type: FK CONSTRAINT; Schema: public; Owner: royer
--

ALTER TABLE ONLY public.variant
    ADD CONSTRAINT fk_f143bfadc31ba576 FOREIGN KEY (couleur_id) REFERENCES public.couleur(id);


--
-- Name: variant fk_f143bfadf347efb; Type: FK CONSTRAINT; Schema: public; Owner: royer
--

ALTER TABLE ONLY public.variant
    ADD CONSTRAINT fk_f143bfadf347efb FOREIGN KEY (produit_id) REFERENCES public.produit(id);


--
-- PostgreSQL database dump complete
--

